Age,Experience,Education,JobRole,Location,Skills,CompanyType,Gender,Salary
36.0,15.0,Master,ML Engineer,Pune,AWS|SQL,Startup,,2783653.0
41.0,5.0,PhD,UI/UX Designer,Pune,Python|SQL|React|CSS,Startup,Female,1560855.0
43.0,9.0,PhD,Data Analyst,Pune,HTML|CSS,MNC,Female,2320382.0
33.0,11.0,PhD,System Admin,Bangalore,HTML|Java,MNC,Male,2690016.0
21.0,0.0,PhD,AI Engineer,Delhi,SQL|ML,MNC,Male,1008032.0
41.0,8.0,PhD,Data Scientist,Bangalore,NodeJS|HTML,Startup,Female,1891277.0
38.0,9.0,Bachelor,Data Analyst,Pune,Python|AWS,Startup,Female,1692136.0
25.0,0.0,Master,,Delhi,ML|Python|CSS,MNC,,902751.0
22.0,1.0,Master,Support Engineer,Hyderabad,Docker|CSS|HTML|React,MNC,Female,938650.0
44.0,9.0,Master,System Admin,Hyderabad,NodeJS|React|Python,Startup,Male,
,13.0,,Data Scientist,,TensorFlow|React,Startup,Male,2681581.0
45.0,13.0,Bachelor,Support Engineer,Bangalore,CSS|Python|Docker,MNC,Female,2597910.0
22.0,1.0,Master,QA Engineer,Bangalore,ML|AWS|HTML|React,MNC,Male,1050451.0
32.0,,Master,Mobile Developer,Chennai,Java|Python|SQL|AWS,MNC,Female,931832.0
33.0,2.0,PhD,AI Engineer,Noida,Java|CSS|React,MNC,Male,1216598.0
21.0,0.0,Bachelor,Game Developer,Chennai,Java|SQL|HTML|NodeJS,MNC,Female,567015.0
31.0,10.0,Bachelor,Backend Developer,Noida,,Startup,Male,1786563.0
48.0,13.0,Master,QA Engineer,Noida,SQL|AWS|CSS,Startup,Male,2441359.0
37.0,14.0,,System Admin,Bangalore,CSS|AWS,Startup,Female,2576158.0
45.0,,Master,Backend Developer,Noida,Python|Java|TensorFlow,Startup,Male,2826183.0
21.0,0.0,Bachelor,ML Engineer,Pune,React|AWS|CSS,MNC,Male,542050.0
31.0,2.0,Bachelor,UI/UX Designer,Noida,ML|TensorFlow|React,Startup,Male,486479.0
48.0,7.0,Master,Support Engineer,Bangalore,React|CSS,MNC,Female,1817841.0
30.0,0.0,Bachelor,Frontend Developer,Pune,TensorFlow|NodeJS|HTML,Startup,Female,398597.0
29.0,6.0,Master,Security Engineer,Hyderabad,Docker|SQL,MNC,Male,1778797.0
36.0,6.0,PhD,QA Engineer,Noida,ML|Docker|CSS,MNC,Male,1897955.0
47.0,9.0,Bachelor,Data Analyst,Chennai,SQL|NodeJS,MNC,,2003135.0
24.0,0.0,Bachelor,AI Engineer,Noida,TensorFlow|CSS|SQL|Python,MNC,Male,719346.0
32.0,4.0,PhD,Cloud Engineer,Noida,AWS|Python,Startup,Female,1394541.0
,11.0,Bachelor,Data Scientist,Chennai,Java|CSS|Docker,Startup,Male,1933931.0
36.0,,PhD,UI/UX Designer,Delhi,SQL|Python,Startup,Female,1412681.0
121.99403604726909,51.06649665370172,MASTER,QA ENGINEER,CHENNAI,CSS|AWS,STARTUP,FEMALE,8738393.717964096
34.0,13.0,Bachelor,Software Engineer,Chennai,ML|Docker|NodeJS,Startup,Female,2305650.0
22.0,0.0,PhD,Data Engineer,Hyderabad,ML|AWS,Startup,Male,629269.0
30.0,1.0,PhD,DevOps Engineer,Delhi,Python|CSS|ML,Startup,Male,927192.0
32.0,3.0,PhD,Full Stack Developer,Delhi,Docker|ML,MNC,Female,1504515.0
22.0,1.0,Master,Game Developer,Chennai,ML|Docker|React,Startup,Female,599596.0
50.0,5.0,Master,Frontend Developer,Hyderabad,AWS|TensorFlow|NodeJS|Docker,MNC,Female,1493505.0
32.0,4.0,PhD,Software Engineer,Hyderabad,Docker|CSS|React,MNC,Male,1684405.0
22.0,1.0,Master,AI Engineer,Bangalore,HTML|React|AWS,MNC,Female,893851.0
43.0,1.0,Master,Data Analyst,Hyderabad,Java|ML|HTML|TensorFlow,MNC,Male,872055.0
44.0,10.0,PhD,Data Engineer,Bangalore,Docker|HTML|Java|Python,Startup,Male,2180064.0
,10.0,PhD,Web Developer,Pune,SQL|AWS,Startup,Female,
43.0,3.0,Master,Backend Developer,Bangalore,Docker|Java,Startup,Female,975803.0
43.0,4.0,PhD,ML Engineer,Bangalore,AWS|NodeJS|TensorFlow,Startup,Male,1336165.0
34.0,0.0,Bachelor,Data Engineer,Bangalore,Docker|Java,Startup,Female,313852.0
27.0,0.0,PhD,Full Stack Developer,Delhi,React|Docker|Python|AWS,Startup,Female,718291.0
22.0,,PhD,Support Engineer,Pune,AWS|Docker|CSS|ML,Startup,,
36.0,1.0,Bachelor,Web Developer,Bangalore,Docker|Python,Startup,Female,444720.0
33.0,,PhD,Research Scientist,Chennai,CSS|SQL,Startup,Female,1046874.0
50.0,14.0,Bachelor,Data Analyst,Delhi,AWS|TensorFlow|Python|Java,MNC,Male,2685952.0
21.0,0.0,Bachelor,AI Engineer,Noida,AWS|ML,MNC,Female,578653.0
37.0,3.0,PhD,Support Engineer,Pune,AWS|Docker,Startup,Female,1203436.0
42.0,9.0,Master,Cloud Engineer,Pune,AWS|ML,MNC,Male,2088099.0
43.0,2.0,Bachelor,Security Engineer,Chennai,HTML|AWS,Startup,Male,607724.0
28.0,6.0,Bachelor,Mobile Developer,,Java|TensorFlow|AWS,MNC,Female,1508724.0
45.0,15.0,PhD,System Admin,Chennai,TensorFlow|Java,Startup,Male,3055179.0
42.0,11.0,PhD,Software Engineer,,Docker|TensorFlow,MNC,Female,2714907.0
,6.0,PhD,Data Scientist,Delhi,React|AWS|ML|TensorFlow,Startup,Female,1542229.0
38.0,0.0,BACHELOR,CLOUD ENGINEER,NOIDA,REACT|TENSORFLOW,STARTUP,MALE,224051.0
36.0,8.0,Master,Data Scientist,Bangalore,HTML|Docker,Startup,Male,1765965.0
34.0,12.0,Master,Full Stack Developer,Hyderabad,NodeJS|AWS|Python,MNC,Female,2637782.0
41.0,0.0,Master,Frontend Developer,Hyderabad,ML|CSS|React,MNC,Male,919745.0
25.0,2.0,Bachelor,QA Engineer,Noida,TensorFlow|ML|SQL,Startup,Female,591710.0
44.0,13.0,Master,Software Engineer,Hyderabad,ML|CSS|HTML,Startup,Female,2561768.0
45.0,9.0,PhD,Mobile Developer,Hyderabad,,Startup,Male,
24.0,1.0,Bachelor,,Noida,Python|React,Startup,,500178.0
40.0,3.0,Bachelor,Security Engineer,Noida,AWS|TensorFlow|Docker,MNC,Female,1091986.0
48.0,11.0,Bachelor,DevOps Engineer,Noida,NodeJS|CSS|AWS,MNC,Female,2146196.0
44.0,3.0,Master,Support Engineer,Pune,,Startup,Female,875814.0
41.0,14.0,MASTER,DATA ENGINEER,NOIDA,PYTHON|TENSORFLOW|JAVA|ML,STARTUP,FEMALE,2543087.0
30.0,5.0,PhD,Data Scientist,Delhi,TensorFlow|HTML|Docker|CSS,Startup,Female,1510884.0
,,Master,Backend Developer,Noida,SQL|ML|AWS|TensorFlow,Startup,Female,745214.0
28.0,,Bachelor,System Admin,Pune,Python|React,MNC,Female,1611429.0
44.0,8.0,Bachelor,Mobile Developer,Chennai,ML|Java|HTML,MNC,Female,1692829.0
35.0,8.0,Bachelor,Data Analyst,Noida,Python|NodeJS|ML|Docker,,Male,1600484.0
45.0,7.0,BACHELOR,DEVOPS ENGINEER,BANGALORE,SQL|HTML,MNC,MALE,1678669.0
21.0,0.0,Master,DevOps Engineer,Chennai,Python|React|ML|CSS,Startup,Female,380069.0
24.0,2.0,PhD,System Admin,Pune,Docker|Java|AWS|NodeJS,MNC,Male,1358518.0
29.0,3.0,Bachelor,DevOps Engineer,Chennai,AWS|NodeJS|ML|TensorFlow,Startup,Female,648160.0
47.0,12.0,,Web Developer,Delhi,Python|NodeJS|SQL|React,MNC,Male,2635304.0
21.0,0.0,Master,Game Developer,Hyderabad,CSS|Java|Docker,MNC,Female,802386.0
42.0,4.0,Bachelor,AI Engineer,Noida,TensorFlow|AWS|Python|SQL,Startup,Female,976462.0
32.0,4.0,Master,Data Engineer,Bangalore,React|Python|AWS,Startup,Male,1189391.0
42.0,4.0,PhD,Full Stack Developer,Pune,Java|AWS,Startup,Female,1352942.0
44.0,10.0,PhD,Web Developer,Pune,TensorFlow|Docker|React|HTML,Startup,,2289160.0
44.0,4.0,MASTER,WEB DEVELOPER,HYDERABAD,AWS|PYTHON|CSS|SQL,STARTUP,FEMALE,1126600.0
39.0,0.0,Master,,Delhi,SQL|TensorFlow|HTML|Java,MNC,Female,779859.0
35.0,5.0,Bachelor,Data Scientist,Chennai,Python|Docker|Java,MNC,Male,1301387.0
46.0,6.0,Master,DevOps Engineer,,TensorFlow|ML|NodeJS|HTML,,Male,1315532.0
46.0,1.0,Bachelor,UI/UX Designer,Hyderabad,,Startup,Male,463264.0
27.0,0.0,Master,Game Developer,Pune,Docker|Python|React,Startup,Male,554082.0
48.0,7.0,PhD,Research Scientist,Pune,TensorFlow|Java,Startup,Male,1649205.0
42.0,7.0,Bachelor,Data Analyst,Delhi,TensorFlow|React|Docker|SQL,Startup,Female,1464384.0
37.0,9.0,PhD,Software Engineer,Delhi,,MNC,Female,2438710.0
30.0,5.0,PhD,Research Scientist,Noida,SQL|Docker|AWS|CSS,MNC,Male,1650813.0
28.0,3.0,PhD,System Admin,,Docker|AWS|Java|TensorFlow,Startup,Male,1154563.0
28.0,7.0,Master,Data Scientist,Chennai,CSS|NodeJS|Docker,MNC,,1860324.0
,0.0,PhD,,Chennai,React|Java|ML|Docker,MNC,Female,990658.0
31.0,3.0,Master,Research Scientist,,,Startup,Female,1060891.0
,1.0,PhD,DevOps Engineer,Noida,NodeJS|HTML|Docker,MNC,,1030314.0
21.0,0.0,MASTER,RESEARCH SCIENTIST,DELHI,SQL|DOCKER|ML|HTML,MNC,MALE,813877.0
29.0,0.0,Bachelor,AI Engineer,Bangalore,ML|React|AWS|Python,Startup,Male,182117.0
24.0,0.0,PhD,Support Engineer,Chennai,Docker|Java,Startup,Female,
30.0,6.0,Bachelor,UI/UX Designer,Chennai,AWS|Docker|HTML,MNC,Female,1482456.0
22.0,1.0,Master,Data Analyst,Chennai,ML|NodeJS|CSS|AWS,MNC,Male,878278.0
24.0,1.0,Bachelor,Software Engineer,Pune,HTML|CSS,Startup,,519595.0
121.99403604726909,51.06649665370172,PHD,NAN,NOIDA,CSS|ML|AWS,MNC,FEMALE,8738393.717964096
43.0,7.0,Bachelor,Support Engineer,Chennai,Java|ML,MNC,Female,1713671.0
21.0,0.0,Master,System Admin,Pune,SQL|React,MNC,Male,912391.0
46.0,3.0,Bachelor,Mobile Developer,Delhi,Docker|ML,MNC,Male,934516.0
47.0,2.0,PhD,Data Analyst,Delhi,Python|HTML,MNC,Female,1299769.0
47.0,12.0,Master,Research Scientist,Chennai,Python|Java,MNC,Male,2570955.0
43.0,7.0,PhD,Support Engineer,Noida,Python|SQL,Startup,Female,1705316.0
27.0,1.0,Bachelor,Security Engineer,Pune,Docker|HTML|Python|NodeJS,MNC,Female,701693.0
40.0,1.0,PhD,Mobile Developer,Delhi,AWS|HTML|CSS|NodeJS,MNC,Male,1192371.0
29.0,1.0,PhD,AI Engineer,Delhi,Python|Java|AWS,MNC,Female,1219497.0
34.0,7.0,PhD,,Pune,AWS|HTML,MNC,Female,2067664.0
50.0,14.0,PhD,Security Engineer,Noida,CSS|ML|Java|Python,Startup,Female,2731824.0
29.0,2.0,Master,QA Engineer,Chennai,HTML|NodeJS|Python,MNC,Female,1030250.0
31.0,8.0,Master,Software Engineer,Delhi,NodeJS|TensorFlow|ML,Startup,Female,1658673.0
33.0,2.0,PhD,Support Engineer,Hyderabad,NodeJS|SQL,MNC,Female,1289837.0
48.0,2.0,PhD,Frontend Developer,Pune,React|Docker|TensorFlow,,Female,1337390.0
42.0,0.0,Master,Support Engineer,Noida,Java|CSS,MNC,Male,895172.0
41.0,11.0,Master,UI/UX Designer,Chennai,SQL|Python|TensorFlow,MNC,Female,2494201.0
30.0,9.0,PhD,Data Engineer,Delhi,Docker|NodeJS|Java,Startup,Female,
47.0,5.0,Master,System Admin,Delhi,NodeJS|TensorFlow|Docker,MNC,Female,1562044.0
46.0,9.0,PhD,System Admin,Noida,ML|HTML,MNC,Female,2257532.0
,10.0,Bachelor,QA Engineer,Chennai,TensorFlow|NodeJS|Java|AWS,Startup,Female,1759070.0
42.0,6.0,Bachelor,Mobile Developer,,Docker|Java|React,Startup,Male,1297622.0
34.0,13.0,PhD,Data Analyst,Bangalore,CSS|NodeJS|Docker,Startup,Male,2654399.0
43.0,12.0,,Data Scientist,Chennai,React|Java|HTML|CSS,MNC,Male,2490405.0
27.0,0.0,PhD,Security Engineer,Delhi,NodeJS|ML,MNC,Female,1042604.0
44.0,11.0,PhD,AI Engineer,Delhi,,MNC,Male,2569847.0
40.0,6.0,Master,AI Engineer,Noida,NodeJS|Python|CSS,,Female,1347260.0
29.0,2.0,Bachelor,Data Engineer,,AWS|TensorFlow|CSS,MNC,Male,970636.0
21.0,0.0,Master,Frontend Developer,Bangalore,Docker|AWS|SQL,MNC,Male,822573.0
21.0,0.0,PhD,System Admin,Noida,CSS|SQL,MNC,Female,1110010.0
50.0,8.0,PhD,Security Engineer,Delhi,AWS|React|TensorFlow,MNC,Male,2111122.0
21.0,0.0,Master,Backend Developer,Pune,Docker|React|ML|Python,Startup,Female,564441.0
31.0,8.0,Master,System Admin,Bangalore,ML|AWS|NodeJS,Startup,Male,1788482.0
21.0,0.0,BACHELOR,DATA SCIENTIST,DELHI,HTML|AWS,MNC,FEMALE,702080.0
40.0,1.0,Master,Research Scientist,Noida,CSS|AWS|ML,MNC,Female,849228.0
39.0,3.0,Master,Research Scientist,Noida,TensorFlow|SQL|CSS|ML,MNC,Female,1345064.0
31.0,8.0,Bachelor,Software Engineer,Pune,HTML|Python|Java,MNC,Female,1826109.0
,9.0,Master,Mobile Developer,Noida,SQL|React,MNC,Male,
38.0,12.0,Bachelor,Backend Developer,Delhi,CSS|SQL|Java,MNC,Female,2308273.0
40.0,7.0,Master,Security Engineer,Chennai,React|TensorFlow,MNC,Male,1881265.0
42.0,1.0,PhD,Web Developer,Bangalore,Docker|Python|HTML|AWS,Startup,Male,846795.0
34.0,5.0,Bachelor,Mobile Developer,Bangalore,NodeJS|Python,Startup,Male,1119442.0
50.0,10.0,PhD,Cloud Engineer,Delhi,TensorFlow|React|HTML,Startup,Male,2167621.0
34.0,3.0,Bachelor,Game Developer,,TensorFlow|NodeJS|Java|SQL,MNC,Male,984984.0
28.0,3.0,PhD,Support Engineer,Bangalore,Python|SQL|AWS|Docker,MNC,Male,1330185.0
31.0,9.0,PhD,ML Engineer,Chennai,SQL|CSS|Docker|Java,Startup,Female,2074790.0
25.0,1.0,Master,Security Engineer,Delhi,Docker|ML|HTML,Startup,Male,692764.0
34.0,12.0,Bachelor,Frontend Developer,,CSS|ML|SQL|Python,,Female,1994028.0
36.0,7.0,Master,Security Engineer,Hyderabad,NodeJS|Docker|ML,MNC,Female,1919656.0
46.0,9.0,Bachelor,ML Engineer,Noida,Python|HTML,Startup,Female,1721006.0
121.99403604726909,51.06649665370172,MASTER,SECURITY ENGINEER,NOIDA,DOCKER|PYTHON|ML|HTML,MNC,MALE,8738393.717964096
41.0,,PhD,DevOps Engineer,Chennai,SQL|Python,Startup,Male,1673721.0
21.0,0.0,Master,Backend Developer,Pune,TensorFlow|React,Startup,Male,610375.0
36.0,12.0,PhD,,Noida,,MNC,Female,2766522.0
41.0,11.0,Master,Data Analyst,Delhi,AWS|Docker,MNC,Male,2487323.0
21.0,0.0,Bachelor,Support Engineer,Delhi,HTML|ML|AWS,Startup,Female,252719.0
37.0,11.0,PhD,Cloud Engineer,Hyderabad,ML|Python,MNC,Female,2676638.0
37.0,14.0,PhD,System Admin,Noida,Java|Docker|AWS|HTML,Startup,Female,2771594.0
30.0,0.0,PhD,Cloud Engineer,Pune,React|SQL|NodeJS,Startup,Female,718094.0
22.0,0.0,Bachelor,Cloud Engineer,Pune,TensorFlow|NodeJS,Startup,Male,352223.0
,,Bachelor,QA Engineer,Bangalore,HTML|AWS,MNC,Female,1132126.0
41.0,11.0,Bachelor,Data Analyst,Noida,React|Docker|ML|HTML,Startup,Male,1955023.0
36.0,6.0,Master,Frontend Developer,Delhi,SQL|TensorFlow|React|NodeJS,MNC,Female,1781247.0
,6.0,Master,UI/UX Designer,Chennai,CSS|Docker|NodeJS|AWS,Startup,Female,1280867.0
32.0,5.0,Master,Research Scientist,Bangalore,,MNC,Male,1552857.0
22.0,0.0,PhD,AI Engineer,Noida,,MNC,Female,911901.0
38.0,1.0,PhD,QA Engineer,Noida,HTML|SQL|Python|NodeJS,MNC,Male,1211997.0
33.0,12.0,Master,Software Engineer,Hyderabad,Docker|HTML,Startup,Male,2210268.0
24.0,0.0,Bachelor,Backend Developer,Pune,TensorFlow|Python|ML,MNC,Female,708222.0
21.0,0.0,PhD,ML Engineer,Chennai,React|AWS,Startup,Female,785258.0
47.0,7.0,PhD,Security Engineer,Hyderabad,SQL|HTML|NodeJS|Docker,MNC,Female,
31.0,8.0,PhD,Mobile Developer,Chennai,AWS|CSS|Python|ML,MNC,Male,2162685.0
37.0,0.0,Master,Data Engineer,Chennai,ML|TensorFlow|AWS,Startup,Male,
48.0,0.0,Bachelor,Mobile Developer,Pune,SQL|TensorFlow,Startup,Male,360991.0
39.0,7.0,,System Admin,Delhi,React|HTML,Startup,Female,1734662.0
28.0,2.0,Bachelor,DevOps Engineer,Chennai,ML|HTML|Java|AWS,MNC,Female,836949.0
22.0,0.0,PHD,ML ENGINEER,CHENNAI,SQL|DOCKER|TENSORFLOW|ML,NAN,MALE,1092418.0
47.0,12.0,Master,Mobile Developer,Chennai,React|CSS|TensorFlow,MNC,Male,2646782.0
26.0,3.0,Bachelor,Data Engineer,Delhi,NodeJS|TensorFlow|Java|ML,MNC,Male,1099478.0
48.0,6.0,Master,Software Engineer,Delhi,CSS|HTML,MNC,Male,1590806.0
24.0,1.0,PhD,Game Developer,Pune,ML|NodeJS|Docker,Startup,Female,751214.0
27.0,6.0,Bachelor,Data Scientist,Bangalore,Python|TensorFlow|SQL,MNC,Female,1564538.0
41.0,15.0,PhD,UI/UX Designer,Pune,AWS|NodeJS|Java,Startup,Female,2985188.0
27.0,4.0,Bachelor,Frontend Developer,Pune,Java|CSS|TensorFlow|ML,Startup,Male,887464.0
23.0,0.0,MASTER,AI ENGINEER,CHENNAI,REACT|DOCKER|CSS|NODEJS,MNC,FEMALE,813037.0
33.0,8.0,Bachelor,Cloud Engineer,Hyderabad,Java|SQL|ML,MNC,Female,1722867.0
31.0,,PhD,QA Engineer,Bangalore,NodeJS|Docker,MNC,Female,2546315.0
49.0,11.0,Bachelor,ML Engineer,Hyderabad,NodeJS|Docker,MNC,Male,2142391.0
31.0,1.0,Master,Frontend Developer,,Docker|Python|AWS|NodeJS,MNC,Female,1045137.0
48.0,4.0,Master,Web Developer,Pune,Python|ML|Java|CSS,Startup,Female,1166194.0
121.99403604726909,51.06649665370172,PHD,AI ENGINEER,BANGALORE,NODEJS|SQL|ML,MNC,MALE,8738393.717964096
27.0,3.0,PhD,Web Developer,Pune,NodeJS|Python|HTML,MNC,Male,1421200.0
23.0,0.0,Master,Frontend Developer,Pune,TensorFlow|CSS|SQL,Startup,Female,484684.0
27.0,,Master,Backend Developer,Delhi,TensorFlow|Docker|Python|AWS,MNC,Male,1327450.0
38.0,,Bachelor,DevOps Engineer,Noida,NodeJS|SQL|AWS,Startup,Female,497145.0
37.0,14.0,,AI Engineer,Hyderabad,Docker|CSS,Startup,Male,2543677.0
32.0,10.0,PhD,Backend Developer,Hyderabad,React|Docker,MNC,Male,2591168.0
,5.0,Bachelor,Research Scientist,Hyderabad,React|SQL|NodeJS,MNC,Male,1286723.0
44.0,14.0,Master,Software Engineer,Noida,React|Python|TensorFlow,MNC,Male,2810117.0
25.0,0.0,Master,Web Developer,Noida,React|Docker|AWS|TensorFlow,Startup,Female,504935.0
,5.0,Master,System Admin,Bangalore,TensorFlow|ML|CSS|AWS,MNC,Male,1591247.0
25.0,0.0,Bachelor,DevOps Engineer,Delhi,Docker|TensorFlow,Startup,Female,402199.0
37.0,12.0,Bachelor,Frontend Developer,Hyderabad,Python|AWS|HTML,Startup,Female,2133176.0
39.0,9.0,PhD,UI/UX Designer,Hyderabad,TensorFlow|React,MNC,Male,2258767.0
47.0,14.0,,Cloud Engineer,Noida,React|HTML|AWS|CSS,Startup,Male,
28.0,5.0,Master,Backend Developer,Hyderabad,HTML|CSS,Startup,Male,1192504.0
27.0,1.0,Master,Data Analyst,Delhi,HTML|AWS|CSS|TensorFlow,MNC,Female,1005916.0
50.0,1.0,Bachelor,Full Stack Developer,Chennai,NodeJS|Docker|SQL|HTML,MNC,Female,777540.0
40.0,7.0,Master,Security Engineer,,Docker|Java|Python|CSS,Startup,Female,1545007.0
37.0,6.0,Master,,Bangalore,CSS|TensorFlow,Startup,Female,1327362.0
33.0,12.0,Master,UI/UX Designer,Noida,TensorFlow|Java|CSS|AWS,Startup,Male,2304464.0
47.0,6.0,Master,Support Engineer,Noida,NodeJS|TensorFlow|ML,Startup,Male,1477443.0
37.0,13.0,Master,Backend Developer,Delhi,NodeJS|Java|Python|React,MNC,Male,2694627.0
36.0,11.0,PhD,UI/UX Designer,Pune,AWS|Java,Startup,Male,2333825.0
41.0,14.0,PhD,Research Scientist,Pune,Python|Docker,MNC,Male,3134960.0
37.0,14.0,Master,,Bangalore,Java|Python|React,Startup,Female,2685789.0
34.0,10.0,,Data Scientist,Bangalore,React|NodeJS|Python|Java,Startup,Female,2223713.0
32.0,7.0,Master,Data Scientist,Hyderabad,HTML|AWS|CSS|Java,Startup,Male,1465417.0
35.0,5.0,Master,Game Developer,Noida,CSS|Java|AWS|NodeJS,Startup,Male,1310654.0
41.0,9.0,Bachelor,DevOps Engineer,Pune,Java|AWS,MNC,Male,1925270.0
22.0,1.0,Bachelor,Software Engineer,Noida,AWS|NodeJS,MNC,Female,806010.0
24.0,0.0,PhD,Research Scientist,Hyderabad,AWS|HTML|SQL,Startup,Male,757305.0
33.0,2.0,Bachelor,UI/UX Designer,Delhi,SQL|ML,MNC,,998439.0
31.0,8.0,,Mobile Developer,Chennai,Python|Docker|HTML|CSS,Startup,Male,1797320.0
33.0,7.0,PhD,Backend Developer,Chennai,TensorFlow|HTML,Startup,,1631754.0
47.0,,Master,Full Stack Developer,Bangalore,Python|NodeJS|ML,Startup,Male,806860.0
41.0,9.0,Master,Backend Developer,,Docker|HTML|React|SQL,Startup,Female,1767363.0
44.0,14.0,Bachelor,Research Scientist,Noida,,MNC,Female,2804578.0
26.0,1.0,Bachelor,Data Scientist,Delhi,Docker|Java|ML|NodeJS,Startup,Female,373431.0
,13.0,Bachelor,Research Scientist,Chennai,HTML|NodeJS|React,MNC,Male,2542941.0
43.0,0.0,PhD,Full Stack Developer,Noida,,MNC,Male,1015980.0
22.0,1.0,Master,Security Engineer,Hyderabad,CSS|SQL|Python|HTML,MNC,Female,891132.0
32.0,7.0,PhD,QA Engineer,Delhi,React|TensorFlow|HTML|ML,MNC,Female,1932575.0
50.0,15.0,,QA Engineer,Delhi,React|TensorFlow,Startup,Male,2613455.0
21.0,0.0,PhD,System Admin,Hyderabad,NodeJS|ML|React|CSS,Startup,Male,
23.0,1.0,Master,Backend Developer,Noida,Python|ML|HTML|NodeJS,MNC,Female,883312.0
121.99403604726909,51.06649665370172,MASTER,SUPPORT ENGINEER,BANGALORE,DOCKER|REACT|NODEJS|JAVA,STARTUP,MALE,8738393.717964096
40.0,5.0,Bachelor,Frontend Developer,Bangalore,SQL|React|Docker|TensorFlow,Startup,,1010627.0
30.0,8.0,Master,Mobile Developer,Chennai,Java|HTML|Docker|React,Startup,Female,1650958.0
26.0,,PhD,Full Stack Developer,Chennai,Docker|CSS|Java,MNC,Male,1318364.0
50.0,4.0,Master,DevOps Engineer,Delhi,Python|TensorFlow,Startup,Female,1070198.0
38.0,15.0,Master,DevOps Engineer,Bangalore,Python|Java,Startup,Male,2630737.0
48.0,13.0,PhD,DevOps Engineer,Delhi,ML|HTML,MNC,Female,2830137.0
31.0,1.0,Bachelor,Backend Developer,Pune,CSS|SQL|Java,Startup,Male,466219.0
22.0,0.0,PhD,Frontend Developer,Hyderabad,CSS|Java|ML|React,MNC,Male,
30.0,1.0,Bachelor,Cloud Engineer,Pune,Docker|NodeJS|SQL,,Female,655913.0
34.0,3.0,Bachelor,Full Stack Developer,Bangalore,Java|NodeJS|AWS|Docker,MNC,Male,1056681.0
27.0,2.0,Bachelor,ML Engineer,Delhi,NodeJS|React|CSS|HTML,Startup,Female,619118.0
39.0,2.0,Master,QA Engineer,Noida,TensorFlow|NodeJS,MNC,Male,1075988.0
26.0,4.0,PhD,Data Scientist,Delhi,Docker|HTML,Startup,,1241058.0
29.0,4.0,Master,Web Developer,Noida,CSS|Java,Startup,Male,1071590.0
27.0,1.0,Bachelor,AI Engineer,Delhi,Docker|HTML|SQL,Startup,Male,437813.0
30.0,8.0,Master,Full Stack Developer,Chennai,ML|NodeJS,MNC,Female,2041256.0
31.0,1.0,PhD,UI/UX Designer,Hyderabad,Docker|Python|Java,Startup,Female,939671.0
44.0,2.0,Master,Full Stack Developer,Hyderabad,CSS|React|Docker,Startup,Female,758794.0
36.0,7.0,PhD,,Pune,Python|ML|NodeJS|AWS,Startup,,
37.0,,Bachelor,DevOps Engineer,Chennai,Java|Python|TensorFlow,Startup,Female,1388237.0
21.0,0.0,Master,UI/UX Designer,Bangalore,Python|CSS,Startup,Female,
40.0,8.0,Master,Support Engineer,Noida,Python|ML|SQL|CSS,Startup,Male,1757342.0
50.0,2.0,Master,Game Developer,Pune,HTML|ML|Python,Startup,Male,720114.0
24.0,0.0,PhD,System Admin,Noida,NodeJS|TensorFlow,MNC,Male,1063577.0
48.0,10.0,Bachelor,Data Engineer,Noida,Python|ML|TensorFlow|AWS,MNC,Female,2062716.0
28.0,2.0,Bachelor,Frontend Developer,Delhi,SQL|Docker,Startup,Male,649374.0
25.0,3.0,Bachelor,,Delhi,Python|CSS|HTML|Java,Startup,Female,776432.0
49.0,13.0,Master,Game Developer,Chennai,ML|AWS|NodeJS,MNC,Female,2838514.0
44.0,,PhD,Cloud Engineer,Delhi,SQL|NodeJS|HTML,MNC,,3209727.0
36.0,5.0,Master,Mobile Developer,Hyderabad,CSS|Java|SQL,Startup,Female,1272149.0
39.0,5.0,Bachelor,Research Scientist,Hyderabad,React|SQL|Docker|NodeJS,Startup,Male,1123490.0
31.0,7.0,PhD,Mobile Developer,Bangalore,CSS|TensorFlow,MNC,Female,2091567.0
39.0,15.0,Bachelor,Data Engineer,Bangalore,React|Java|Python,Startup,Female,2443859.0
43.0,11.0,Bachelor,Software Engineer,Bangalore,Python|HTML|Java|React,MNC,Female,2333592.0
37.0,2.0,Bachelor,ML Engineer,Hyderabad,Docker|Python|CSS|React,MNC,Male,
36.0,6.0,Bachelor,QA Engineer,Pune,AWS|Python|NodeJS,Startup,Female,1284657.0
44.0,7.0,Bachelor,Full Stack Developer,Pune,HTML|TensorFlow,Startup,Female,1245698.0
47.0,12.0,Bachelor,Support Engineer,Noida,AWS|Docker|CSS,Startup,Female,2174062.0
45.0,,,DevOps Engineer,Bangalore,ML|Python|TensorFlow,Startup,Male,1428949.0
32.0,6.0,Bachelor,Frontend Developer,Bangalore,HTML|Docker|TensorFlow|AWS,Startup,Female,1204300.0
,7.0,Master,Support Engineer,Delhi,SQL|ML,MNC,Male,1920785.0
32.0,4.0,PhD,Support Engineer,Hyderabad,React|NodeJS|CSS|SQL,Startup,Male,1301171.0
47.0,3.0,Master,Cloud Engineer,Bangalore,Java|Docker|NodeJS,Startup,Female,
25.0,,Bachelor,QA Engineer,Bangalore,SQL|HTML|NodeJS,Startup,Male,507931.0
22.0,0.0,Master,DevOps Engineer,Bangalore,Python|SQL|React|TensorFlow,MNC,Male,874800.0
,12.0,MASTER,DATA SCIENTIST,DELHI,SQL|REACT|PYTHON,MNC,FEMALE,2668982.0
,3.0,Master,Full Stack Developer,Delhi,NodeJS|Docker|ML,MNC,Female,1363542.0
21.0,0.0,Master,Data Analyst,Pune,,Startup,Female,400978.0
44.0,7.0,Bachelor,Research Scientist,Hyderabad,,Startup,Female,1458550.0
31.0,2.0,,Cloud Engineer,Hyderabad,HTML|Docker|CSS|ML,MNC,Male,987414.0
23.0,2.0,,Cloud Engineer,Bangalore,TensorFlow|HTML|NodeJS,Startup,Female,866497.0
41.0,4.0,Bachelor,Support Engineer,Chennai,AWS|SQL|HTML,Startup,Female,784467.0
46.0,2.0,,Cloud Engineer,Noida,React|TensorFlow,MNC,Female,1330786.0
21.0,0.0,Master,Web Developer,Delhi,ML|HTML|CSS,Startup,Male,
31.0,2.0,Master,DevOps Engineer,Delhi,,Startup,Female,910488.0
21.0,,Bachelor,Game Developer,Noida,NodeJS|Docker|AWS|SQL,MNC,Female,552214.0
39.0,3.0,Bachelor,Cloud Engineer,Delhi,,Startup,Female,795382.0
30.0,9.0,Bachelor,Frontend Developer,Pune,Java|Python|CSS|NodeJS,MNC,Female,1908501.0
23.0,2.0,Master,QA Engineer,Delhi,CSS|ML|SQL,MNC,Male,1044818.0
26.0,4.0,Bachelor,Support Engineer,Delhi,NodeJS|AWS|CSS,Startup,,
25.0,4.0,Master,Cloud Engineer,Noida,TensorFlow|Docker|AWS|CSS,Startup,Male,1055948.0
45.0,1.0,PHD,DATA ANALYST,BANGALORE,SQL|ML|HTML|CSS,MNC,MALE,1255027.0
47.0,1.0,Bachelor,Security Engineer,Bangalore,React|NodeJS|TensorFlow,Startup,Female,426002.0
39.0,10.0,Master,Web Developer,Delhi,CSS|Python|TensorFlow,Startup,Female,2078985.0
37.0,1.0,PHD,SOFTWARE ENGINEER,DELHI,NODEJS|HTML,MNC,NAN,1134367.0
24.0,1.0,Master,Mobile Developer,Chennai,Java|NodeJS|ML|CSS,MNC,Male,906148.0
41.0,10.0,Bachelor,UI/UX Designer,Pune,TensorFlow|AWS|HTML,Startup,Female,1736136.0
,2.0,Master,Software Engineer,Pune,Docker|Java|HTML|Python,MNC,Female,
37.0,0.0,Bachelor,,Chennai,TensorFlow|CSS|Python|ML,MNC,Female,604427.0
44.0,14.0,PhD,Data Engineer,Noida,Java|NodeJS,MNC,Female,3093071.0
42.0,8.0,Bachelor,Frontend Developer,Bangalore,SQL|CSS,Startup,Male,1612163.0
46.0,10.0,Master,Data Analyst,Bangalore,AWS|CSS|SQL|Java,MNC,,2209721.0
21.0,0.0,PhD,,,AWS|HTML|SQL,MNC,Male,1078821.0
23.0,2.0,Bachelor,Mobile Developer,Hyderabad,ML|CSS|TensorFlow|Java,Startup,Female,664527.0
31.0,5.0,PhD,Data Analyst,Delhi,TensorFlow|SQL|AWS,,Male,1366848.0
43.0,14.0,Master,Cloud Engineer,Noida,Docker|CSS|Python|AWS,Startup,Male,2662756.0
35.0,4.0,PHD,GAME DEVELOPER,BANGALORE,SQL|NODEJS|AWS|HTML,STARTUP,FEMALE,1195839.0
31.0,7.0,Bachelor,Cloud Engineer,Chennai,Docker|SQL,MNC,Female,1623799.0
30.0,3.0,PhD,Data Engineer,Pune,NodeJS|HTML|Python,Startup,Female,1079692.0
38.0,8.0,Bachelor,UI/UX Designer,Chennai,NodeJS|Java,Startup,Male,1511415.0
41.0,5.0,Master,Data Scientist,Delhi,React|AWS|Java,Startup,Female,1246119.0
47.0,13.0,Bachelor,Software Engineer,,NodeJS|AWS|ML|SQL,Startup,Male,2342008.0
35.0,10.0,,Software Engineer,Noida,TensorFlow|Java|AWS|Docker,Startup,Male,1864677.0
25.0,4.0,Bachelor,Frontend Developer,Bangalore,CSS|AWS|React|Python,MNC,Female,1298290.0
41.0,0.0,Bachelor,DevOps Engineer,Pune,Python|Docker,MNC,Female,604004.0
38.0,11.0,Master,QA Engineer,Noida,HTML|NodeJS|AWS|SQL,,Female,2567728.0
46.0,4.0,PhD,System Admin,Pune,NodeJS|AWS|HTML,Startup,Male,1330973.0
,1.0,Master,Security Engineer,Hyderabad,Python|NodeJS|React,Startup,Female,649774.0
38.0,6.0,PhD,ML Engineer,Noida,NodeJS|SQL|Java|React,Startup,Female,1587391.0
,7.0,Bachelor,Backend Developer,Hyderabad,NodeJS|SQL,Startup,Male,1417080.0
,0.0,PhD,Game Developer,Hyderabad,Python|Java,Startup,Female,596233.0
48.0,14.0,PhD,Software Engineer,Delhi,Python|Docker,MNC,,3135994.0
50.0,7.0,PhD,Security Engineer,Hyderabad,HTML|React|Java|Python,Startup,Male,1678764.0
28.0,2.0,Bachelor,Cloud Engineer,Delhi,ML|TensorFlow|CSS|Java,MNC,Male,880749.0
31.0,,Master,Backend Developer,Hyderabad,,Startup,Male,567678.0
28.0,5.0,PhD,UI/UX Designer,Hyderabad,NodeJS|Java|Python,MNC,Female,1832366.0
37.0,9.0,PhD,ML Engineer,,TensorFlow|NodeJS|HTML,MNC,Female,2249276.0
43.0,10.0,Bachelor,DevOps Engineer,Hyderabad,React|HTML|AWS,MNC,Female,2174291.0
44.0,11.0,PhD,Mobile Developer,Noida,ML|SQL|CSS,Startup,Male,2366081.0
46.0,13.0,MASTER,SOFTWARE ENGINEER,NOIDA,AWS|ML|SQL|HTML,MNC,FEMALE,2814420.0
34.0,0.0,Master,DevOps Engineer,Pune,AWS|TensorFlow|Python|Java,MNC,Female,770226.0
39.0,12.0,Bachelor,Cloud Engineer,Bangalore,,MNC,Male,2464436.0
,5.0,PhD,Frontend Developer,Chennai,NodeJS|CSS|Java|SQL,MNC,Female,
21.0,0.0,Bachelor,Data Engineer,Noida,TensorFlow|NodeJS|React,Startup,Female,237674.0
41.0,,,QA Engineer,Bangalore,HTML|Java|AWS,MNC,Female,2186130.0
21.0,0.0,Master,Backend Developer,Bangalore,HTML|SQL,,Female,716731.0
22.0,1.0,PhD,Support Engineer,Bangalore,Docker|CSS|Python,MNC,,
121.99403604726909,51.06649665370172,PHD,WEB DEVELOPER,HYDERABAD,JAVA|NODEJS|HTML|DOCKER,NAN,FEMALE,8738393.717964096
41.0,4.0,Bachelor,Game Developer,Chennai,Docker|ML|TensorFlow|NodeJS,Startup,Male,906047.0
43.0,3.0,Master,Game Developer,Delhi,Docker|AWS|Java|TensorFlow,MNC,Female,1289150.0
41.0,4.0,Bachelor,Frontend Developer,Noida,Java|SQL,MNC,Female,1257053.0
,8.0,Master,Backend Developer,Bangalore,CSS|AWS|ML,Startup,Female,1644681.0
24.0,3.0,Bachelor,Mobile Developer,Bangalore,NodeJS|Docker,MNC,Female,957760.0
31.0,2.0,Master,Backend Developer,Delhi,ML|NodeJS|TensorFlow,MNC,Female,1147118.0
25.0,2.0,Master,Cloud Engineer,Chennai,TensorFlow|HTML,MNC,Female,994917.0
40.0,8.0,,Data Analyst,Bangalore,ML|NodeJS|HTML|CSS,MNC,Male,2292598.0
49.0,2.0,Master,Mobile Developer,Bangalore,HTML|Docker,Startup,Male,714264.0
30.0,9.0,Master,Data Analyst,Pune,Python|AWS|ML|CSS,Startup,Male,1795421.0
36.0,5.0,Master,Data Scientist,Hyderabad,Python|CSS,Startup,Female,1284089.0
48.0,11.0,Master,QA Engineer,Bangalore,Docker|HTML|Java,Startup,Male,2105114.0
42.0,3.0,,DevOps Engineer,Noida,TensorFlow|Python|NodeJS,MNC,Female,1046489.0
24.0,1.0,Master,Mobile Developer,Pune,React|HTML,Startup,Male,531501.0
27.0,3.0,Master,Backend Developer,Pune,Python|NodeJS,MNC,Male,1300512.0
44.0,11.0,PhD,UI/UX Designer,Chennai,HTML|NodeJS|Python,Startup,Male,2437085.0
27.0,5.0,PhD,Support Engineer,Pune,NodeJS|HTML|AWS,MNC,Male,1691057.0
39.0,8.0,Master,Game Developer,Chennai,ML|TensorFlow,MNC,Female,2031059.0
,8.0,Master,UI/UX Designer,Chennai,Java|Python|Docker|ML,MNC,Male,2022096.0
40.0,14.0,Bachelor,UI/UX Designer,Noida,ML|CSS|Docker|TensorFlow,Startup,Female,2395613.0
28.0,3.0,PhD,Support Engineer,Chennai,Python|SQL|CSS|TensorFlow,Startup,Male,1086502.0
28.0,3.0,Master,QA Engineer,Hyderabad,Docker|CSS|HTML|Python,Startup,Female,923575.0
27.0,0.0,Master,Game Developer,Delhi,NodeJS|CSS,,Female,780381.0
43.0,0.0,Bachelor,DevOps Engineer,Hyderabad,CSS|Python,Startup,Female,413044.0
,11.0,Master,Software Engineer,Delhi,Java|NodeJS,Startup,Male,2050976.0
45.0,2.0,Master,Game Developer,Bangalore,Docker|React|Python|AWS,MNC,Female,982353.0
38.0,7.0,Master,AI Engineer,Delhi,AWS|TensorFlow|ML,MNC,Male,1922729.0
40.0,4.0,Bachelor,Cloud Engineer,Pune,AWS|ML|HTML|SQL,MNC,Male,1300199.0
46.0,4.0,PhD,QA Engineer,Chennai,TensorFlow|ML|Python,Startup,Female,1398260.0
45.0,12.0,Master,,Pune,NodeJS|HTML|Docker|Python,,Male,2322483.0
26.0,5.0,Bachelor,Support Engineer,Bangalore,,Startup,Female,1160814.0
45.0,14.0,Master,,Chennai,SQL|Python,MNC,Male,2852808.0
30.0,9.0,PhD,Data Engineer,Chennai,Java|SQL|Python|HTML,MNC,Female,2308257.0
41.0,15.0,PhD,QA Engineer,Delhi,React|AWS|NodeJS|HTML,MNC,Female,3291033.0
33.0,2.0,Master,Cloud Engineer,,React|Docker|TensorFlow,Startup,Female,817441.0
121.99403604726909,51.06649665370172,PHD,NAN,HYDERABAD,JAVA|REACT|ML|NODEJS,STARTUP,MALE,8738393.717964096
35.0,13.0,Master,Cloud Engineer,,Java|SQL,MNC,Male,2660384.0
41.0,6.0,BACHELOR,SYSTEM ADMIN,NOIDA,ML|REACT|DOCKER,STARTUP,FEMALE,1264114.0
40.0,2.0,PhD,Data Scientist,Bangalore,CSS|AWS,MNC,,1340556.0
31.0,5.0,Master,Data Engineer,Noida,Docker|NodeJS|React,Startup,Female,1289593.0
35.0,4.0,Master,Mobile Developer,,HTML|ML|AWS|Docker,Startup,Female,1145600.0
36.0,7.0,PhD,Software Engineer,Delhi,Docker|ML,MNC,Female,1962854.0
27.0,5.0,PhD,Web Developer,Bangalore,HTML|React,Startup,Female,1341075.0
22.0,1.0,Master,System Admin,Delhi,NodeJS|AWS|HTML,Startup,Female,702340.0
48.0,2.0,,Frontend Developer,Delhi,SQL|Java,MNC,Female,1406112.0
23.0,0.0,Master,AI Engineer,Pune,SQL|React|NodeJS|TensorFlow,Startup,Male,500441.0
45.0,7.0,Master,Data Engineer,Bangalore,TensorFlow|AWS|HTML|SQL,MNC,Male,1944414.0
47.0,8.0,Bachelor,QA Engineer,Bangalore,NodeJS|SQL|Java|ML,MNC,Male,1786819.0
35.0,5.0,Bachelor,Data Analyst,Delhi,Docker|CSS,MNC,Male,1239204.0
44.0,,Master,Software Engineer,Chennai,HTML|ML|Docker|Java,Startup,Female,630974.0
49.0,14.0,Bachelor,Research Scientist,Delhi,React|Java|AWS|Docker,Startup,Female,2341280.0
45.0,2.0,Master,AI Engineer,Bangalore,SQL|Java,Startup,Female,681423.0
33.0,0.0,Master,AI Engineer,Pune,AWS|TensorFlow|React,Startup,Male,445150.0
38.0,0.0,Bachelor,Security Engineer,Delhi,NodeJS|ML,Startup,Female,
,1.0,PhD,AI Engineer,Bangalore,HTML|SQL|CSS,MNC,Female,1050465.0
34.0,9.0,Bachelor,Cloud Engineer,Pune,Python|Java|Docker,Startup,Female,1643929.0
33.0,7.0,Bachelor,,Chennai,TensorFlow|ML|NodeJS|AWS,Startup,Male,1428847.0
32.0,11.0,PhD,UI/UX Designer,Hyderabad,CSS|TensorFlow|Java,,Female,2610110.0
45.0,14.0,Master,Data Scientist,,SQL|CSS,MNC,Male,2962484.0
41.0,8.0,PhD,,Hyderabad,Docker|NodeJS|TensorFlow|CSS,MNC,Female,2233777.0
26.0,5.0,,Backend Developer,Bangalore,Docker|CSS|HTML|ML,Startup,Female,1142796.0
25.0,0.0,PhD,UI/UX Designer,Noida,,Startup,Female,716586.0
46.0,0.0,PhD,Software Engineer,Bangalore,SQL|Java|HTML|TensorFlow,MNC,Male,
30.0,,PhD,Support Engineer,Bangalore,NodeJS|Docker|SQL|TensorFlow,MNC,Male,2233521.0
42.0,12.0,,Security Engineer,,NodeJS|ML,MNC,Male,2492166.0
32.0,3.0,,Security Engineer,Noida,AWS|HTML,Startup,Male,1217766.0
40.0,8.0,Master,,Chennai,NodeJS|React,MNC,Female,2016473.0
21.0,0.0,PhD,System Admin,Noida,TensorFlow|React|HTML|ML,Startup,Female,660128.0
48.0,8.0,,Full Stack Developer,Hyderabad,NodeJS|Python,MNC,Female,1735308.0
50.0,,Master,Game Developer,Chennai,React|NodeJS,Startup,Male,1906526.0
121.99403604726909,51.06649665370172,MASTER,NAN,DELHI,TENSORFLOW|PYTHON|SQL|NODEJS,STARTUP,FEMALE,8738393.717964096
24.0,1.0,Master,Data Analyst,Chennai,Docker|SQL|CSS,Startup,Female,621305.0
121.99403604726909,51.06649665370172,PHD,DATA SCIENTIST,NOIDA,SQL|AWS,STARTUP,FEMALE,8738393.717964096
38.0,,Bachelor,QA Engineer,Bangalore,Docker|HTML|Python|NodeJS,MNC,Female,2469946.0
37.0,7.0,Master,System Admin,Chennai,HTML|Python|Java,Startup,Female,1635720.0
40.0,8.0,Master,Support Engineer,Noida,SQL|HTML|Docker,MNC,Male,1889023.0
24.0,1.0,Master,QA Engineer,Noida,TensorFlow|React|CSS,Startup,Female,659907.0
42.0,4.0,Bachelor,ML Engineer,Pune,AWS|ML,MNC,Male,1140410.0
47.0,2.0,PhD,Data Scientist,Noida,SQL|Java,MNC,Female,1219292.0
29.0,4.0,PhD,Mobile Developer,Delhi,Python|React|TensorFlow,MNC,Male,1681811.0
40.0,1.0,Bachelor,Research Scientist,Pune,TensorFlow|CSS,MNC,Female,688007.0
31.0,6.0,Master,Support Engineer,Delhi,Java|TensorFlow|AWS|Docker,MNC,,1731652.0
44.0,,PhD,Data Analyst,Pune,React|ML,Startup,Male,1690615.0
29.0,2.0,PhD,Software Engineer,Delhi,TensorFlow|NodeJS|AWS,Startup,Female,917572.0
28.0,3.0,PhD,ML Engineer,Noida,TensorFlow|Docker|React,Startup,Male,
46.0,2.0,Master,AI Engineer,Delhi,,MNC,Male,1184804.0
33.0,9.0,Bachelor,Game Developer,Bangalore,Python|NodeJS|HTML,MNC,Male,1928072.0
27.0,3.0,PhD,System Admin,Bangalore,NodeJS|CSS|React|HTML,Startup,Male,1253606.0
29.0,4.0,Master,Software Engineer,Hyderabad,React|AWS,,Male,1319948.0
121.99403604726909,51.06649665370172,BACHELOR,DATA SCIENTIST,CHENNAI,PYTHON|ML,STARTUP,FEMALE,8738393.717964096
33.0,5.0,PhD,Game Developer,Chennai,AWS|Java|Docker,,Male,1728346.0
48.0,14.0,PhD,Software Engineer,Pune,NodeJS|SQL|Docker,MNC,Male,3040525.0
43.0,2.0,PhD,Data Analyst,Delhi,Java|React,MNC,Female,1235345.0
44.0,3.0,PhD,ML Engineer,Pune,AWS|React|ML,Startup,Female,1064402.0
42.0,5.0,Bachelor,Data Engineer,Pune,CSS|AWS,MNC,Female,1314209.0
22.0,1.0,Bachelor,ML Engineer,Hyderabad,ML|Java,Startup,Male,365834.0
26.0,4.0,Bachelor,Frontend Developer,Bangalore,AWS|Java|TensorFlow,Startup,Female,903786.0
37.0,0.0,Master,QA Engineer,Chennai,React|HTML|AWS|CSS,Startup,Female,594452.0
33.0,5.0,Bachelor,System Admin,Bangalore,Java|ML,Startup,Female,1064733.0
42.0,3.0,PhD,Security Engineer,Pune,React|AWS,Startup,Male,1208636.0
38.0,0.0,Bachelor,ML Engineer,Bangalore,TensorFlow|Java|AWS,MNC,Female,671786.0
27.0,,Bachelor,Backend Developer,Pune,HTML|Python|NodeJS,Startup,Female,1144682.0
42.0,11.0,Bachelor,Support Engineer,Noida,TensorFlow|AWS|HTML,Startup,Female,1943519.0
,6.0,Master,Data Analyst,Chennai,HTML|Java|NodeJS|SQL,Startup,Male,1503681.0
31.0,5.0,Bachelor,Software Engineer,Pune,HTML|Java|NodeJS|SQL,MNC,Female,1332972.0
31.0,9.0,PHD,GAME DEVELOPER,CHENNAI,NODEJS|HTML|CSS,NAN,FEMALE,2346338.0
37.0,8.0,Bachelor,Mobile Developer,Hyderabad,Docker|ML|Python|TensorFlow,Startup,Male,1429552.0
24.0,2.0,PhD,Software Engineer,Noida,NodeJS|Docker|Python|AWS,MNC,Female,1223680.0
25.0,2.0,PhD,Web Developer,Noida,React|HTML|AWS,Startup,Male,922586.0
44.0,15.0,Bachelor,Frontend Developer,Hyderabad,React|AWS|TensorFlow,MNC,Female,2815153.0
46.0,1.0,Bachelor,DevOps Engineer,Delhi,AWS|CSS,Startup,Female,474632.0
25.0,1.0,Master,Data Scientist,Chennai,SQL|ML,Startup,Male,559661.0
34.0,,Master,Frontend Developer,Hyderabad,SQL|Docker,MNC,Female,1868008.0
38.0,9.0,Bachelor,Web Developer,Bangalore,CSS|ML|Java,MNC,Female,1934990.0
22.0,0.0,,ML Engineer,Hyderabad,Java|AWS|CSS,Startup,Male,404798.0
34.0,6.0,PhD,ML Engineer,Noida,TensorFlow|Python|Java|Docker,Startup,Female,1572954.0
23.0,0.0,PhD,Cloud Engineer,Delhi,React|Docker,MNC,Female,
,12.0,Master,,Noida,React|Java|HTML|Python,MNC,Male,2711243.0
36.0,0.0,Master,Game Developer,Pune,ML|SQL|TensorFlow,Startup,,475273.0
,1.0,Bachelor,DevOps Engineer,Pune,CSS|Docker|SQL,MNC,Female,864247.0
47.0,4.0,PhD,Support Engineer,Pune,HTML|NodeJS|React,MNC,Female,1668317.0
35.0,9.0,PhD,Backend Developer,Pune,,Startup,Female,2060964.0
121.99403604726909,51.06649665370172,MASTER,DEVOPS ENGINEER,HYDERABAD,HTML|PYTHON|JAVA|REACT,MNC,FEMALE,8738393.717964096
42.0,5.0,Bachelor,System Admin,Bangalore,Python|HTML|React|CSS,Startup,Female,995979.0
38.0,6.0,Bachelor,System Admin,Bangalore,Python|HTML|AWS,Startup,,1134440.0
33.0,6.0,Bachelor,AI Engineer,Hyderabad,AWS|React|NodeJS|HTML,Startup,Male,1207877.0
38.0,15.0,Bachelor,DevOps Engineer,Delhi,AWS|Python|ML|HTML,MNC,Female,2805802.0
26.0,4.0,Bachelor,Game Developer,Pune,HTML|NodeJS|AWS|CSS,MNC,Male,
21.0,0.0,Bachelor,Data Analyst,Hyderabad,SQL|Python|HTML|Docker,Startup,Female,310667.0
31.0,6.0,PhD,ML Engineer,Hyderabad,ML|HTML|NodeJS|TensorFlow,MNC,Male,1819286.0
121.99403604726909,51.06649665370172,PHD,SOFTWARE ENGINEER,HYDERABAD,SQL|CSS,NAN,MALE,8738393.717964096
27.0,4.0,Master,ML Engineer,Bangalore,AWS|Java,MNC,Female,1467001.0
121.99403604726909,51.06649665370172,BACHELOR,CLOUD ENGINEER,NOIDA,DOCKER|AWS|HTML|ML,MNC,FEMALE,8738393.717964096
,14.0,PhD,Backend Developer,,HTML|ML|Docker,Startup,Male,2754249.0
33.0,6.0,PhD,QA Engineer,Chennai,Python|Java|TensorFlow,MNC,Female,1987760.0
31.0,6.0,Master,,Pune,TensorFlow|React|CSS,Startup,Female,1341314.0
50.0,3.0,PhD,System Admin,Bangalore,CSS|ML,MNC,Female,1387393.0
29.0,8.0,PhD,QA Engineer,Chennai,TensorFlow|AWS,MNC,Male,2123272.0
26.0,3.0,BACHELOR,BACKEND DEVELOPER,HYDERABAD,SQL|ML|REACT,MNC,FEMALE,1153749.0
35.0,9.0,PhD,UI/UX Designer,Noida,React|TensorFlow|Docker|AWS,Startup,Female,2099778.0
39.0,1.0,Master,QA Engineer,Chennai,Docker|Java|HTML,Startup,Female,538822.0
48.0,11.0,PhD,Frontend Developer,Delhi,React|TensorFlow|SQL|ML,MNC,Female,2613867.0
40.0,10.0,Master,Frontend Developer,Chennai,ML|React|NodeJS,MNC,Female,2238497.0
46.0,9.0,Master,Data Engineer,Bangalore,React|AWS|ML|TensorFlow,MNC,Female,2064698.0
27.0,3.0,Master,System Admin,Noida,SQL|Python|Java,,Male,989088.0
44.0,14.0,PhD,Security Engineer,Noida,React|Python,Startup,Male,2757205.0
31.0,1.0,Master,Software Engineer,Noida,Docker|SQL|CSS,Startup,Female,756706.0
41.0,1.0,Bachelor,Frontend Developer,Noida,NodeJS|ML|HTML|AWS,MNC,Male,837550.0
23.0,1.0,Master,ML Engineer,Chennai,CSS|HTML,MNC,Female,1028948.0
45.0,,PhD,Data Scientist,Pune,Python|Java,Startup,Male,847643.0
45.0,12.0,Bachelor,,,Docker|ML,,Female,2030354.0
42.0,3.0,PhD,Game Developer,Bangalore,CSS|React|AWS|NodeJS,Startup,Female,1259628.0
48.0,1.0,PhD,Web Developer,Delhi,AWS|CSS,Startup,Female,948360.0
30.0,0.0,Bachelor,Web Developer,Hyderabad,AWS|TensorFlow|Python,Startup,Male,
32.0,0.0,Bachelor,Mobile Developer,,Docker|Java|CSS,Startup,Male,280995.0
46.0,5.0,PhD,Research Scientist,Chennai,Python|HTML|ML|SQL,MNC,Male,1815373.0
46.0,12.0,Master,Support Engineer,Hyderabad,HTML|Docker|AWS,Startup,Female,2251414.0
23.0,1.0,Master,System Admin,Hyderabad,CSS|Java|Python,MNC,Female,938469.0
26.0,5.0,PhD,System Admin,Chennai,CSS|React,Startup,Male,1354795.0
30.0,3.0,Master,Cloud Engineer,Pune,TensorFlow|NodeJS,MNC,,1367409.0
25.0,,Master,UI/UX Designer,Hyderabad,Java|ML,Startup,Female,1064772.0
,9.0,PhD,Full Stack Developer,Delhi,Docker|React|TensorFlow,MNC,Male,2282002.0
,,Bachelor,Research Scientist,Chennai,ML|SQL|TensorFlow|Docker,Startup,Female,2029204.0
41.0,13.0,,Full Stack Developer,Hyderabad,React|TensorFlow,Startup,Male,2401778.0
42.0,14.0,Master,Backend Developer,Delhi,React|ML|Python|HTML,Startup,Male,2716977.0
49.0,12.0,PhD,ML Engineer,Hyderabad,React|TensorFlow|Java|AWS,MNC,Male,2702013.0
33.0,3.0,Master,Support Engineer,,AWS|TensorFlow|SQL|Docker,Startup,Male,957667.0
37.0,8.0,Master,Backend Developer,Bangalore,HTML|CSS|React|AWS,Startup,Male,1800062.0
21.0,0.0,Master,Mobile Developer,Pune,HTML|Java,Startup,Male,468009.0
35.0,10.0,Master,Data Analyst,Delhi,SQL|NodeJS,Startup,Female,1971990.0
44.0,13.0,PhD,QA Engineer,Chennai,Java|CSS,MNC,Male,3047027.0
48.0,15.0,PhD,ML Engineer,Delhi,HTML|Python|Java,MNC,Female,3201192.0
34.0,13.0,Bachelor,Game Developer,Pune,,Startup,Male,
33.0,11.0,PhD,UI/UX Designer,Bangalore,CSS|Java|Python,,Male,2756031.0
41.0,14.0,PhD,AI Engineer,Delhi,HTML|NodeJS|Java,MNC,Male,3167972.0
37.0,13.0,,Support Engineer,Noida,AWS|HTML|TensorFlow|Java,Startup,Female,2336204.0
25.0,4.0,Bachelor,System Admin,Noida,ML|CSS,MNC,Male,1249371.0
47.0,11.0,Bachelor,AI Engineer,Chennai,AWS|Docker|NodeJS|Java,MNC,Female,2348666.0
25.0,4.0,Bachelor,QA Engineer,Chennai,Java|CSS,Startup,Female,
49.0,0.0,PhD,Support Engineer,Bangalore,ML|Docker|AWS,Startup,Female,620216.0
29.0,2.0,,Web Developer,Pune,HTML|CSS|AWS,,Female,1043657.0
26.0,2.0,Master,Data Analyst,Bangalore,TensorFlow|Java|NodeJS|React,MNC,Female,1177338.0
24.0,2.0,Bachelor,UI/UX Designer,Noida,SQL|Docker|Java|CSS,Startup,Female,711092.0
36.0,13.0,Master,Software Engineer,Hyderabad,TensorFlow|SQL|Java,Startup,Male,2425828.0
35.0,12.0,Master,Software Engineer,Bangalore,TensorFlow|HTML|Java|ML,MNC,Female,2623236.0
25.0,0.0,Bachelor,Security Engineer,Chennai,React|Python,MNC,Male,637910.0
23.0,0.0,Bachelor,Software Engineer,Bangalore,Docker|SQL|TensorFlow|NodeJS,Startup,Male,333104.0
36.0,3.0,Master,UI/UX Designer,Delhi,AWS|Python|TensorFlow,Startup,Male,1000830.0
32.0,5.0,Master,Backend Developer,Hyderabad,Java|HTML,Startup,Female,1247716.0
49.0,11.0,Bachelor,Data Engineer,Pune,ML|CSS|TensorFlow,MNC,Female,2131699.0
36.0,14.0,PhD,DevOps Engineer,Bangalore,HTML|Docker|AWS|Java,MNC,Male,3112644.0
29.0,0.0,Bachelor,Web Developer,Delhi,HTML|AWS|CSS|Docker,Startup,Female,333281.0
45.0,3.0,Master,UI/UX Designer,Hyderabad,SQL|NodeJS|React|HTML,Startup,,977356.0
42.0,8.0,Bachelor,ML Engineer,,ML|AWS,Startup,Female,1550045.0
28.0,2.0,Master,Mobile Developer,Bangalore,,MNC,Male,1069460.0
29.0,,Bachelor,DevOps Engineer,Bangalore,NodeJS|React,MNC,Female,633944.0
50.0,6.0,Bachelor,Cloud Engineer,Noida,NodeJS|SQL|React|HTML,MNC,Female,1511391.0
36.0,2.0,Bachelor,Backend Developer,Hyderabad,TensorFlow|Java|HTML,MNC,Male,795836.0
32.0,9.0,PHD,BACKEND DEVELOPER,NAN,REACT|SQL|ML|DOCKER,STARTUP,FEMALE,2096244.0
121.99403604726909,51.06649665370172,PHD,RESEARCH SCIENTIST,DELHI,HTML|TENSORFLOW|ML,STARTUP,FEMALE,8738393.717964096
26.0,2.0,Master,Backend Developer,Bangalore,SQL|Docker|HTML|React,,Female,1003961.0
41.0,13.0,Bachelor,Data Analyst,Noida,NodeJS|Python,Startup,Female,2293573.0
35.0,1.0,PhD,QA Engineer,Hyderabad,AWS|SQL|Python,Startup,Male,741919.0
48.0,15.0,Master,Web Developer,Bangalore,Java|HTML|CSS,MNC,Female,2936026.0
,13.0,Master,Mobile Developer,Noida,HTML|Python,MNC,Female,2757172.0
38.0,14.0,Bachelor,System Admin,Delhi,TensorFlow|Python,MNC,Female,2766404.0
29.0,8.0,Master,Frontend Developer,Pune,React|Python|NodeJS|AWS,Startup,Male,1655375.0
21.0,0.0,Bachelor,ML Engineer,Noida,HTML|Docker,MNC,Male,714512.0
32.0,8.0,Bachelor,Data Scientist,Chennai,CSS|SQL|Python|Java,Startup,Female,1430295.0
25.0,4.0,Master,Security Engineer,Pune,ML|TensorFlow|Python,Startup,Female,1168118.0
,4.0,PhD,Cloud Engineer,,AWS|React|ML|SQL,MNC,Male,1503872.0
28.0,1.0,PhD,Data Scientist,Delhi,SQL|React,Startup,Female,859234.0
45.0,15.0,Master,ML Engineer,Chennai,,Startup,Female,2797787.0
31.0,0.0,PhD,QA Engineer,Pune,HTML|Python|CSS|AWS,Startup,Female,717079.0
28.0,2.0,Master,Support Engineer,Hyderabad,AWS|CSS|Docker|React,MNC,Female,1182821.0
50.0,11.0,Bachelor,System Admin,Hyderabad,Docker|CSS|HTML,Startup,Female,1903982.0
21.0,0.0,Bachelor,Frontend Developer,Pune,Python|CSS,MNC,,613420.0
31.0,2.0,BACHELOR,DEVOPS ENGINEER,NOIDA,PYTHON|AWS,MNC,MALE,929528.0
32.0,5.0,Master,Software Engineer,Noida,Python|CSS|TensorFlow|React,,Female,1352829.0
31.0,10.0,Bachelor,Full Stack Developer,Noida,SQL|React,Startup,Male,1845562.0
24.0,2.0,Bachelor,Cloud Engineer,Hyderabad,HTML|NodeJS|SQL,MNC,Male,943964.0
35.0,1.0,Bachelor,Data Analyst,Noida,HTML|ML|TensorFlow|AWS,Startup,,382061.0
29.0,7.0,Bachelor,Security Engineer,Hyderabad,SQL|NodeJS,Startup,Male,1452986.0
31.0,,Master,Support Engineer,Bangalore,TensorFlow|Python|Docker|ML,MNC,Male,1764622.0
36.0,10.0,Master,Backend Developer,Noida,Python|CSS|AWS,MNC,Male,2349625.0
45.0,7.0,Master,Security Engineer,Bangalore,NodeJS|Java|SQL|React,MNC,Female,1902401.0
49.0,10.0,PhD,Data Scientist,Chennai,CSS|ML|Docker,MNC,Female,2468706.0
29.0,6.0,Master,Research Scientist,Pune,,Startup,Female,1332792.0
24.0,1.0,Master,Frontend Developer,Bangalore,Python|ML,MNC,Male,994611.0
49.0,2.0,PhD,Software Engineer,Pune,CSS|AWS|React|TensorFlow,Startup,,1015507.0
39.0,15.0,Master,Cloud Engineer,Bangalore,Python|AWS|SQL|NodeJS,Startup,Female,2819910.0
21.0,0.0,PhD,UI/UX Designer,Pune,ML|SQL|Docker|AWS,Startup,Male,747518.0
48.0,10.0,Master,Mobile Developer,Bangalore,Java|AWS|HTML|Python,MNC,Female,2242830.0
22.0,1.0,Bachelor,Data Analyst,Chennai,Java|ML|HTML,Startup,Female,551927.0
22.0,1.0,Master,Frontend Developer,Bangalore,Java|TensorFlow|Python|AWS,,Female,1013095.0
44.0,1.0,PhD,ML Engineer,Chennai,Java|CSS|HTML,MNC,Female,1053513.0
26.0,3.0,Bachelor,Web Developer,Noida,AWS|Docker|ML,Startup,Male,758159.0
47.0,10.0,Master,Backend Developer,Noida,HTML|SQL|React|Java,Startup,Female,1978214.0
24.0,2.0,Master,Data Scientist,Delhi,React|Docker,Startup,Male,
21.0,0.0,Master,Security Engineer,Hyderabad,HTML|CSS|NodeJS|Docker,Startup,Female,403364.0
26.0,3.0,PhD,System Admin,Chennai,HTML|Java,Startup,Male,1104262.0
46.0,12.0,Bachelor,Software Engineer,Chennai,Python|HTML,MNC,Female,2459713.0
27.0,6.0,Master,Security Engineer,Bangalore,ML|Java|SQL,MNC,Female,1787380.0
34.0,12.0,PhD,Game Developer,Bangalore,Docker|AWS,MNC,Female,2831651.0
36.0,7.0,Master,Research Scientist,Hyderabad,React|ML,MNC,,1966421.0
45.0,4.0,PhD,Full Stack Developer,Delhi,React|Python|AWS|CSS,Startup,Male,1353374.0
,0.0,Master,UI/UX Designer,Pune,Java|React,MNC,Female,916879.0
30.0,1.0,Master,ML Engineer,Noida,HTML|React|NodeJS,MNC,Female,903306.0
27.0,4.0,PhD,Web Developer,Pune,AWS|CSS|Docker|ML,Startup,Male,1187376.0
25.0,0.0,Bachelor,Data Scientist,Hyderabad,AWS|ML|SQL|Python,Startup,Female,329625.0
38.0,5.0,Master,Game Developer,Hyderabad,SQL|React|NodeJS,Startup,Female,1200480.0
27.0,5.0,,System Admin,Bangalore,,MNC,Female,1738006.0
37.0,6.0,Bachelor,Support Engineer,Noida,AWS|CSS|SQL,MNC,Male,1416079.0
45.0,11.0,,System Admin,Pune,Java|SQL|Docker|NodeJS,Startup,Female,1978868.0
42.0,7.0,PhD,Security Engineer,Pune,AWS|TensorFlow|HTML,MNC,Male,1963174.0
48.0,10.0,PhD,QA Engineer,Bangalore,NodeJS|Python,MNC,Male,2431010.0
49.0,7.0,PhD,Support Engineer,Pune,Java|HTML|ML|Docker,Startup,Female,1676611.0
,0.0,Master,QA Engineer,Hyderabad,Docker|AWS,MNC,Female,715867.0
27.0,1.0,,DevOps Engineer,Noida,TensorFlow|SQL,Startup,Female,969873.0
34.0,11.0,Bachelor,UI/UX Designer,Hyderabad,TensorFlow|Python|Docker|React,Startup,Female,2020079.0
40.0,4.0,Master,Software Engineer,Pune,Python|HTML|SQL|NodeJS,,Female,1185129.0
33.0,3.0,Master,Web Developer,Noida,React|TensorFlow|NodeJS|SQL,Startup,Female,1047958.0
39.0,4.0,Bachelor,Data Scientist,Delhi,Java|React|Python|HTML,MNC,Male,1091850.0
40.0,4.0,Bachelor,Research Scientist,Delhi,Docker|ML,MNC,Female,1145164.0
121.99403604726909,51.06649665370172,MASTER,DATA ANALYST,NOIDA,NODEJS|AWS,STARTUP,FEMALE,8738393.717964096
50.0,2.0,PhD,ML Engineer,Noida,AWS|Python,MNC,Male,
39.0,9.0,Bachelor,DevOps Engineer,Pune,NodeJS|React,MNC,Male,2047392.0
27.0,6.0,Master,Mobile Developer,Bangalore,SQL|ML|Java,Startup,Male,1291704.0
27.0,2.0,PhD,Software Engineer,Delhi,NodeJS|CSS|ML|Docker,MNC,Female,1380451.0
40.0,2.0,Master,ML Engineer,Bangalore,NodeJS|Java|CSS,MNC,Male,1046786.0
29.0,5.0,PhD,Data Engineer,Bangalore,AWS|TensorFlow,Startup,Female,1465791.0
34.0,11.0,Master,Data Engineer,Bangalore,,MNC,Female,
46.0,8.0,PhD,AI Engineer,Chennai,React|CSS|Docker|Python,MNC,Male,2112992.0
29.0,3.0,Bachelor,,Pune,React|HTML|CSS,MNC,Female,1073838.0
31.0,0.0,Bachelor,Data Analyst,Delhi,React|TensorFlow,Startup,Male,303301.0
,12.0,Bachelor,Full Stack Developer,Delhi,AWS|ML|Python,MNC,Female,2307181.0
33.0,2.0,PhD,Frontend Developer,Noida,React|AWS,MNC,Female,1282938.0
45.0,6.0,Bachelor,Support Engineer,Pune,HTML|AWS|SQL,Startup,Female,1155680.0
30.0,0.0,PhD,DevOps Engineer,Noida,HTML|Python|SQL|Java,Startup,Female,673631.0
33.0,6.0,,Research Scientist,Chennai,NodeJS|CSS|HTML,MNC,Male,
36.0,14.0,Bachelor,Web Developer,Bangalore,React|SQL,MNC,Female,2697347.0
34.0,9.0,PhD,Backend Developer,Pune,CSS|ML|React|Docker,MNC,Female,2424994.0
27.0,0.0,PhD,Data Engineer,Bangalore,Docker|React|TensorFlow,Startup,,779621.0
38.0,11.0,PhD,Cloud Engineer,Chennai,Python|TensorFlow|Java,Startup,Female,2451014.0
40.0,3.0,Bachelor,,Pune,CSS|SQL|NodeJS|TensorFlow,MNC,Male,950565.0
37.0,1.0,PhD,Frontend Developer,Delhi,,MNC,Male,1045887.0
27.0,0.0,PhD,Software Engineer,Chennai,,MNC,,986908.0
,0.0,Master,Web Developer,Pune,React|SQL|Java|Docker,Startup,Female,587299.0
37.0,15.0,PhD,QA Engineer,Pune,NodeJS|CSS|React,Startup,Male,2841213.0
42.0,1.0,PhD,Data Scientist,Noida,AWS|TensorFlow,Startup,Female,876739.0
30.0,3.0,Bachelor,Software Engineer,Bangalore,HTML|SQL|NodeJS|React,MNC,Female,952716.0
30.0,1.0,,QA Engineer,Chennai,React|AWS|ML|Java,MNC,Male,1129170.0
45.0,5.0,PhD,Backend Developer,Pune,Java|React|NodeJS|HTML,MNC,Female,1830292.0
31.0,7.0,PhD,DevOps Engineer,Pune,,MNC,Female,1975351.0
22.0,1.0,Bachelor,Full Stack Developer,Delhi,CSS|AWS|ML|React,MNC,Female,654401.0
38.0,5.0,Bachelor,AI Engineer,Bangalore,AWS|ML|TensorFlow|CSS,MNC,Male,1285376.0
29.0,2.0,Master,Game Developer,Chennai,CSS|React|NodeJS,Startup,Female,753350.0
121.99403604726909,51.06649665370172,BACHELOR,SOFTWARE ENGINEER,BANGALORE,PYTHON|HTML|JAVA,MNC,MALE,8738393.717964096
34.0,12.0,PhD,System Admin,Pune,ML|TensorFlow|SQL|React,MNC,Male,2750194.0
37.0,9.0,Bachelor,Support Engineer,Noida,Python|HTML,Startup,Female,1618816.0
44.0,14.0,BACHELOR,DEVOPS ENGINEER,CHENNAI,DOCKER|ML|TENSORFLOW,MNC,MALE,2762102.0
26.0,0.0,Bachelor,,Bangalore,Python|NodeJS,Startup,Male,280831.0
26.0,0.0,Master,UI/UX Designer,Noida,TensorFlow|NodeJS,Startup,Male,584275.0
41.0,11.0,Bachelor,Frontend Developer,Bangalore,Java|CSS,Startup,Female,1927061.0
25.0,4.0,Bachelor,Research Scientist,Delhi,AWS|Python|NodeJS|SQL,MNC,Female,1252673.0
21.0,0.0,Bachelor,AI Engineer,Noida,NodeJS|SQL|Java,Startup,Male,382851.0
36.0,5.0,Master,Full Stack Developer,Noida,React|Docker|Java|ML,MNC,Female,1570787.0
49.0,2.0,Master,Support Engineer,Chennai,Docker|React|SQL,MNC,,1051033.0
39.0,0.0,PhD,Data Engineer,Noida,Python|HTML|Docker|TensorFlow,Startup,Male,603770.0
50.0,8.0,PhD,Security Engineer,Noida,HTML|ML,Startup,Female,
28.0,2.0,PhD,,Pune,NodeJS|Java|Python,Startup,Male,931150.0
24.0,2.0,Bachelor,Security Engineer,Hyderabad,Python|TensorFlow|AWS|CSS,Startup,Female,617690.0
41.0,3.0,Bachelor,Web Developer,Pune,React|TensorFlow,MNC,Female,1051850.0
22.0,0.0,Bachelor,Backend Developer,Bangalore,AWS|SQL|Docker,MNC,Male,665083.0
28.0,1.0,Master,Web Developer,Hyderabad,SQL|Python|TensorFlow|HTML,Startup,Female,670859.0
33.0,10.0,Bachelor,,Chennai,SQL|AWS|React|ML,MNC,Male,2107345.0
22.0,1.0,PhD,Software Engineer,Noida,Docker|NodeJS|AWS|SQL,MNC,Female,1124908.0
39.0,13.0,Bachelor,Full Stack Developer,Noida,CSS|SQL|TensorFlow,MNC,Female,2444699.0
26.0,2.0,Master,,Noida,HTML|NodeJS|CSS,MNC,Female,1123130.0
27.0,2.0,Master,QA Engineer,Noida,NodeJS|Java|Docker|SQL,Startup,Female,755623.0
32.0,0.0,Bachelor,UI/UX Designer,Noida,ML|TensorFlow|Python,MNC,Female,589383.0
25.0,0.0,PhD,Game Developer,Bangalore,AWS|React|Python,Startup,Male,621061.0
121.99403604726909,51.06649665370172,BACHELOR,BACKEND DEVELOPER,CHENNAI,NAN,MNC,MALE,8738393.717964096
43.0,6.0,Bachelor,Full Stack Developer,,AWS|CSS|Docker,MNC,Male,1549703.0
32.0,3.0,PHD,MOBILE DEVELOPER,PUNE,TENSORFLOW|HTML|NODEJS|ML,STARTUP,MALE,1149958.0
45.0,11.0,PhD,ML Engineer,Chennai,Python|NodeJS|Java|Docker,MNC,Female,2738391.0
49.0,14.0,PhD,System Admin,Delhi,Java|React|Python,Startup,Female,2788524.0
31.0,2.0,PhD,Web Developer,Chennai,TensorFlow|Python,Startup,Male,
45.0,10.0,PhD,Software Engineer,Bangalore,AWS|ML,Startup,Female,2092487.0
26.0,3.0,,Web Developer,Pune,HTML|ML,Startup,Female,925625.0
35.0,4.0,Master,ML Engineer,Delhi,SQL|CSS,MNC,Male,1335079.0
41.0,3.0,Bachelor,Game Developer,Hyderabad,React|AWS|HTML,MNC,Male,1048188.0
28.0,0.0,,Frontend Developer,Chennai,Java|AWS,,Female,580841.0
36.0,1.0,PhD,AI Engineer,Pune,React|CSS|TensorFlow,MNC,Male,1086485.0
22.0,0.0,Master,ML Engineer,,ML|HTML|CSS|NodeJS,MNC,Female,795303.0
37.0,15.0,PhD,Game Developer,Hyderabad,React|Python,MNC,Female,3272171.0
121.99403604726909,51.06649665370172,BACHELOR,NAN,PUNE,CSS|PYTHON|REACT,STARTUP,FEMALE,8738393.717964096
21.0,0.0,Master,DevOps Engineer,Delhi,CSS|ML,Startup,Male,487350.0
47.0,13.0,Master,DevOps Engineer,Pune,ML|Python|HTML,Startup,Female,2353290.0
22.0,0.0,,Research Scientist,Chennai,SQL|AWS|React,MNC,Female,685333.0
47.0,13.0,PhD,ML Engineer,Hyderabad,ML|Java,MNC,Female,
46.0,5.0,Bachelor,Web Developer,Hyderabad,Docker|Java|TensorFlow,Startup,Female,1142572.0
25.0,1.0,PhD,,Chennai,HTML|TensorFlow|Java,Startup,Female,785061.0
34.0,,PhD,Data Engineer,Delhi,AWS|SQL|NodeJS|ML,Startup,Male,2697141.0
28.0,5.0,Master,Security Engineer,Bangalore,TensorFlow|SQL,MNC,Female,1645917.0
44.0,5.0,PhD,Backend Developer,Bangalore,React|ML|AWS,Startup,Male,1394454.0
26.0,3.0,Bachelor,Web Developer,Noida,ML|Docker|AWS,MNC,Male,1053910.0
21.0,0.0,Master,Web Developer,Chennai,CSS|Python|NodeJS|HTML,Startup,Male,513809.0
35.0,14.0,Bachelor,Full Stack Developer,Noida,ML|Python|HTML|SQL,MNC,Female,2732819.0
24.0,1.0,PhD,Frontend Developer,Hyderabad,Docker|NodeJS|CSS|AWS,MNC,Female,1072038.0
45.0,6.0,,Data Analyst,Delhi,Docker|AWS|HTML,Startup,Female,1501195.0
45.0,11.0,Bachelor,Security Engineer,Delhi,AWS|Docker,MNC,,2262658.0
47.0,4.0,PhD,Research Scientist,Chennai,Python|SQL,MNC,,1623963.0
38.0,4.0,Bachelor,QA Engineer,Pune,Java|TensorFlow|SQL|AWS,Startup,Male,865500.0
36.0,0.0,Bachelor,Frontend Developer,Chennai,AWS|Docker|ML,MNC,Male,592177.0
42.0,12.0,,Web Developer,Pune,ML|AWS|Java|Docker,MNC,Male,2627974.0
40.0,13.0,PhD,Software Engineer,Hyderabad,Docker|HTML|AWS|Java,MNC,Male,3046728.0
31.0,5.0,Master,,Chennai,NodeJS|SQL|AWS|ML,MNC,,1658234.0
34.0,1.0,Bachelor,Research Scientist,Noida,Python|NodeJS|AWS|Java,Startup,Male,424631.0
33.0,3.0,PhD,ML Engineer,Delhi,SQL|ML|Python|CSS,Startup,Male,1142109.0
33.0,10.0,Master,Cloud Engineer,Bangalore,ML|CSS|AWS,Startup,Male,1983314.0
121.99403604726909,51.06649665370172,NAN,DATA ANALYST,HYDERABAD,JAVA|ML|AWS|SQL,STARTUP,FEMALE,8738393.717964096
21.0,0.0,Master,Frontend Developer,Bangalore,Docker|Java|CSS,Startup,Male,478227.0
22.0,1.0,Master,Research Scientist,Noida,SQL|ML,MNC,Female,845817.0
33.0,2.0,Bachelor,Software Engineer,Pune,Docker|Python|Java,Startup,Female,603851.0
36.0,13.0,PhD,Data Analyst,Noida,CSS|Python|React,Startup,Male,2546891.0
48.0,9.0,,Support Engineer,Delhi,AWS|Python|SQL|React,MNC,Female,2061692.0
26.0,0.0,PhD,Cloud Engineer,Hyderabad,ML|Java|TensorFlow|Docker,Startup,Male,800981.0
37.0,10.0,Master,Backend Developer,Noida,Docker|TensorFlow,Startup,Male,1907872.0
45.0,1.0,PhD,UI/UX Designer,Pune,CSS|Python,MNC,,1065353.0
36.0,10.0,Master,AI Engineer,Bangalore,Python|TensorFlow|SQL|React,MNC,Male,2182750.0
33.0,10.0,Bachelor,Mobile Developer,Chennai,HTML|TensorFlow,Startup,Female,1908753.0
22.0,1.0,Master,Data Analyst,,NodeJS|ML,MNC,Female,950504.0
43.0,9.0,Master,ML Engineer,Hyderabad,Python|AWS|TensorFlow|Docker,Startup,Female,1919644.0
45.0,10.0,Master,Data Engineer,Noida,Docker|Python|SQL,MNC,Female,2393958.0
34.0,8.0,Master,Data Engineer,Pune,HTML|NodeJS|Python|React,Startup,Female,1776414.0
37.0,2.0,Bachelor,QA Engineer,Delhi,Docker|Java|AWS,MNC,Female,1015879.0
45.0,14.0,PHD,ML ENGINEER,BANGALORE,SQL|JAVA|ML,MNC,FEMALE,3073916.0
32.0,8.0,PhD,ML Engineer,Hyderabad,TensorFlow|React,MNC,Female,2171422.0
49.0,10.0,PhD,Mobile Developer,Pune,HTML|Java|Python|CSS,Startup,,2241841.0
49.0,5.0,PhD,Support Engineer,Bangalore,React|CSS|Java|TensorFlow,Startup,Female,1485029.0
41.0,2.0,Master,Web Developer,Chennai,SQL|CSS|NodeJS|ML,Startup,Female,680512.0
47.0,12.0,Master,Mobile Developer,Chennai,Java|ML,Startup,Male,2415313.0
46.0,2.0,Bachelor,QA Engineer,Delhi,Python|ML|SQL|CSS,Startup,Male,528156.0
32.0,1.0,Bachelor,Full Stack Developer,Bangalore,Docker|NodeJS|AWS,,Female,373006.0
37.0,0.0,Master,Data Analyst,Bangalore,,MNC,Female,817343.0
22.0,1.0,PhD,Data Analyst,Noida,ML|Docker,Startup,Male,777346.0
23.0,2.0,PhD,System Admin,Chennai,Docker|React,MNC,Female,1307199.0
30.0,1.0,Bachelor,System Admin,Delhi,ML|CSS,MNC,Male,829468.0
29.0,6.0,Bachelor,Backend Developer,,TensorFlow|Python,Startup,Male,1306652.0
46.0,,Bachelor,Full Stack Developer,Noida,Java|TensorFlow|HTML|React,Startup,Male,1544424.0
21.0,0.0,Master,,Pune,React|NodeJS|AWS,MNC,Male,903762.0
35.0,1.0,Bachelor,System Admin,Chennai,React|HTML|SQL,MNC,Male,756736.0
35.0,,PhD,AI Engineer,Hyderabad,NodeJS|HTML,Startup,Male,2461693.0
49.0,11.0,Master,Research Scientist,,AWS|ML,MNC,Male,2358417.0
29.0,4.0,Bachelor,Research Scientist,Chennai,AWS|ML|TensorFlow,MNC,Female,1201781.0
25.0,2.0,BACHELOR,DEVOPS ENGINEER,CHENNAI,TENSORFLOW|DOCKER,STARTUP,MALE,631118.0
48.0,4.0,PhD,Support Engineer,Noida,SQL|Docker|Python|Java,Startup,Male,1227070.0
50.0,10.0,Bachelor,Cloud Engineer,Pune,Docker|CSS,Startup,Female,1739897.0
45.0,,Master,Support Engineer,Pune,AWS|ML,Startup,Male,1022162.0
30.0,8.0,Bachelor,Security Engineer,Noida,SQL|Docker,Startup,Male,1517471.0
23.0,1.0,Bachelor,Cloud Engineer,Pune,TensorFlow|Java|ML,,Female,729331.0
32.0,10.0,PhD,Data Scientist,Pune,Java|AWS,MNC,Female,2542631.0
34.0,1.0,Bachelor,Full Stack Developer,,SQL|Docker|Java|NodeJS,MNC,Female,840575.0
48.0,14.0,Bachelor,DevOps Engineer,Bangalore,Docker|Python|React|CSS,Startup,Female,2346317.0
22.0,0.0,Bachelor,Research Scientist,Noida,Java|AWS,Startup,Female,334392.0
42.0,3.0,Master,Data Engineer,Noida,Java|Python|SQL,Startup,Male,841582.0
37.0,7.0,Master,Support Engineer,Bangalore,HTML|NodeJS,Startup,Male,
45.0,10.0,,Frontend Developer,Delhi,TensorFlow|AWS,Startup,Male,2238019.0
41.0,15.0,Master,ML Engineer,Noida,HTML|NodeJS|React,MNC,Male,3046290.0
35.0,2.0,Bachelor,Mobile Developer,Delhi,Python|AWS|Docker|SQL,MNC,Female,934403.0
,8.0,Master,Data Analyst,Bangalore,Docker|AWS|Java|HTML,Startup,Male,1625384.0
28.0,4.0,Bachelor,Data Analyst,Hyderabad,HTML|AWS|ML|SQL,Startup,Female,836940.0
36.0,14.0,PhD,ML Engineer,Delhi,Docker|ML|NodeJS,Startup,Female,2735286.0
38.0,9.0,Master,Game Developer,Bangalore,CSS|Java|React|Python,Startup,Male,1750610.0
23.0,1.0,PhD,Cloud Engineer,Hyderabad,React|Java,MNC,Male,1098085.0
50.0,3.0,PhD,Frontend Developer,Pune,TensorFlow|Java|SQL|Python,MNC,Male,1526366.0
40.0,9.0,Bachelor,Support Engineer,,Python|NodeJS,MNC,Female,2052538.0
41.0,12.0,Bachelor,Mobile Developer,Chennai,NodeJS|CSS|ML,MNC,Male,2496471.0
24.0,1.0,Master,Support Engineer,Bangalore,Python|AWS|Docker|React,MNC,Female,987434.0
22.0,1.0,Master,Cloud Engineer,Chennai,AWS|React|Docker,Startup,Female,642787.0
38.0,2.0,Master,Research Scientist,Chennai,,Startup,Male,699719.0
30.0,6.0,Master,UI/UX Designer,Delhi,Java|HTML,MNC,,1592147.0
28.0,5.0,,System Admin,,Docker|React|SQL,Startup,Male,1011820.0
36.0,5.0,Bachelor,Full Stack Developer,Hyderabad,Python|CSS,MNC,Male,1396117.0
23.0,1.0,PhD,ML Engineer,Noida,AWS|NodeJS|CSS|Docker,MNC,Male,1165157.0
38.0,4.0,Master,AI Engineer,Delhi,AWS|CSS,MNC,Female,1505795.0
37.0,,,Backend Developer,Bangalore,TensorFlow|Python|HTML|CSS,Startup,Female,1130196.0
21.0,0.0,Master,Data Engineer,Chennai,NodeJS|AWS|Docker,Startup,,417363.0
39.0,0.0,Master,,Delhi,HTML|CSS|SQL|React,MNC,Female,840001.0
32.0,5.0,PhD,Support Engineer,Pune,React|TensorFlow|AWS|Docker,Startup,,1556335.0
44.0,10.0,Bachelor,Mobile Developer,Pune,,MNC,Female,2059161.0
39.0,11.0,Master,Software Engineer,Hyderabad,Java|SQL|React|Python,Startup,Male,2126797.0
26.0,4.0,Bachelor,Software Engineer,Hyderabad,HTML|AWS|Java,MNC,Female,1116330.0
29.0,8.0,Bachelor,Game Developer,Chennai,Docker|ML,MNC,Female,1838881.0
32.0,5.0,Bachelor,UI/UX Designer,Pune,AWS|CSS|TensorFlow|SQL,MNC,,1269054.0
23.0,1.0,Bachelor,Data Scientist,Delhi,NodeJS|Docker|ML,Startup,Male,470043.0
42.0,14.0,Bachelor,DevOps Engineer,Delhi,CSS|HTML|Python|React,MNC,Male,2627825.0
25.0,2.0,Master,Support Engineer,Chennai,SQL|React|HTML|AWS,Startup,Male,909127.0
32.0,0.0,PhD,Backend Developer,Chennai,ML|AWS|TensorFlow,MNC,Male,1075638.0
41.0,13.0,Bachelor,Frontend Developer,Noida,NodeJS|ML|TensorFlow|Python,MNC,Female,2593248.0
,,PhD,,Hyderabad,React|Java|CSS,MNC,Male,1632858.0
47.0,9.0,Master,AI Engineer,Delhi,ML|Python|React|AWS,MNC,,2112396.0
23.0,2.0,Master,Support Engineer,Noida,TensorFlow|AWS,MNC,Male,1161879.0
41.0,6.0,Master,Research Scientist,Chennai,TensorFlow|AWS,MNC,Male,1712712.0
50.0,9.0,Bachelor,ML Engineer,Chennai,NodeJS|Python|ML|AWS,MNC,Female,2028852.0
35.0,,MASTER,CLOUD ENGINEER,BANGALORE,AWS|REACT|NODEJS,STARTUP,MALE,1289120.0
23.0,1.0,PhD,UI/UX Designer,Noida,Java|NodeJS|CSS|AWS,MNC,,1060676.0
40.0,2.0,Bachelor,Frontend Developer,Delhi,ML|Java|AWS,Startup,Male,702468.0
21.0,0.0,Bachelor,Mobile Developer,Noida,Python|NodeJS,Startup,Female,233103.0
42.0,8.0,Master,Support Engineer,Pune,ML|CSS,Startup,Male,1778892.0
25.0,4.0,Bachelor,Support Engineer,Delhi,TensorFlow|HTML|ML|NodeJS,MNC,Male,1189056.0
28.0,0.0,Bachelor,Cloud Engineer,Chennai,TensorFlow|Docker|SQL,Startup,Female,275950.0
46.0,1.0,PhD,AI Engineer,Pune,React|Docker,MNC,Female,1079003.0
33.0,7.0,Bachelor,ML Engineer,Chennai,CSS|Docker,Startup,Female,1233366.0
25.0,2.0,PhD,DevOps Engineer,Bangalore,NodeJS|ML|Python,MNC,Male,
47.0,9.0,Bachelor,DevOps Engineer,Noida,AWS|Java|CSS,Startup,,1753923.0
37.0,4.0,Master,DevOps Engineer,Pune,React|SQL,Startup,Male,1001931.0
23.0,1.0,Bachelor,Full Stack Developer,Bangalore,AWS|NodeJS,MNC,Female,751887.0
31.0,2.0,Master,Research Scientist,,Docker|CSS,,Male,1005898.0
50.0,,Bachelor,Software Engineer,Noida,TensorFlow|React,MNC,Male,1135877.0
39.0,11.0,Master,System Admin,Hyderabad,HTML|CSS,MNC,Female,2362905.0
48.0,8.0,PhD,AI Engineer,Noida,HTML|React|CSS|TensorFlow,Startup,Female,2008113.0
31.0,1.0,PhD,Game Developer,Chennai,Python|Java|React,Startup,Female,904069.0
49.0,12.0,,System Admin,Noida,CSS|AWS|Python,MNC,Female,2833483.0
29.0,3.0,,AI Engineer,Delhi,HTML|NodeJS,Startup,Male,859239.0
38.0,11.0,PhD,Data Scientist,Bangalore,AWS|Python|HTML|React,MNC,Male,2574078.0
41.0,10.0,PhD,Game Developer,Delhi,React|Java|TensorFlow|HTML,Startup,Male,2254009.0
,8.0,Master,Security Engineer,Bangalore,ML|React|NodeJS|CSS,Startup,Male,1792983.0
33.0,0.0,Master,QA Engineer,Delhi,AWS|Docker|TensorFlow|Python,Startup,Female,449765.0
34.0,12.0,PhD,Game Developer,Bangalore,ML|React,MNC,Male,2812244.0
21.0,0.0,Master,Cloud Engineer,Hyderabad,Python|Java|NodeJS|SQL,MNC,Male,803169.0
47.0,8.0,Bachelor,Data Analyst,Chennai,NodeJS|TensorFlow|ML,MNC,Male,1893599.0
32.0,,PHD,FRONTEND DEVELOPER,NOIDA,TENSORFLOW|HTML|SQL,STARTUP,FEMALE,1481597.0
45.0,4.0,Master,Security Engineer,Bangalore,NodeJS|SQL|ML|Docker,Startup,Male,1026223.0
45.0,11.0,BACHELOR,BACKEND DEVELOPER,BANGALORE,DOCKER|ML|CSS|AWS,MNC,MALE,2305009.0
48.0,4.0,,Web Developer,Hyderabad,AWS|Docker|NodeJS|ML,Startup,Female,782497.0
26.0,3.0,PhD,UI/UX Designer,Chennai,AWS|Python,Startup,Female,1256345.0
50.0,7.0,Bachelor,Support Engineer,Noida,NodeJS|HTML|React,Startup,Male,1451285.0
43.0,5.0,PhD,Full Stack Developer,Pune,AWS|SQL|Python|ML,Startup,Female,1554148.0
23.0,1.0,PhD,Data Scientist,Delhi,AWS|Docker,Startup,Male,871918.0
47.0,14.0,PhD,Data Scientist,Bangalore,ML|CSS|TensorFlow|Python,Startup,Male,2868909.0
42.0,5.0,Bachelor,System Admin,Pune,Java|AWS|CSS,MNC,Female,
40.0,14.0,PhD,Full Stack Developer,Bangalore,Docker|TensorFlow,MNC,Female,3102301.0
35.0,11.0,,UI/UX Designer,Chennai,SQL|Python|AWS,Startup,Female,2194472.0
32.0,6.0,PhD,Backend Developer,,TensorFlow|Python,MNC,Male,1828253.0
41.0,10.0,Master,QA Engineer,Hyderabad,Java|ML|Docker|TensorFlow,Startup,Male,
,1.0,Bachelor,Software Engineer,Hyderabad,AWS|NodeJS|Python,Startup,Female,349548.0
38.0,14.0,PhD,,Delhi,ML|React|Docker,Startup,Female,2841375.0
38.0,3.0,Bachelor,Data Analyst,Delhi,AWS|NodeJS,MNC,Female,964685.0
43.0,11.0,Bachelor,Data Analyst,,,MNC,Female,2225061.0
32.0,4.0,Bachelor,Research Scientist,Chennai,React|SQL|AWS|Docker,MNC,Male,
25.0,3.0,PhD,Research Scientist,Chennai,SQL|Python,Startup,Female,1177273.0
48.0,7.0,Bachelor,Support Engineer,Bangalore,Java|HTML|TensorFlow,MNC,Female,1724568.0
47.0,3.0,BACHELOR,BACKEND DEVELOPER,PUNE,PYTHON|REACT|TENSORFLOW,MNC,FEMALE,985513.0
23.0,2.0,Master,Frontend Developer,Noida,SQL|Java|ML,Startup,Male,798629.0
37.0,0.0,Master,Game Developer,Delhi,AWS|ML|NodeJS|React,MNC,,
41.0,13.0,PhD,Support Engineer,Hyderabad,NodeJS|AWS|TensorFlow|SQL,MNC,Male,2911281.0
22.0,1.0,Master,Frontend Developer,Delhi,CSS|NodeJS,Startup,Male,732349.0
28.0,0.0,PhD,Frontend Developer,Noida,HTML|Docker|React|NodeJS,Startup,Female,
36.0,12.0,Master,UI/UX Designer,Noida,CSS|SQL|Java,MNC,Male,2546940.0
29.0,8.0,Bachelor,Cloud Engineer,Bangalore,Python|SQL|TensorFlow,,Female,1564495.0
28.0,6.0,PhD,Data Engineer,Pune,Java|Python,Startup,Female,1497532.0
,0.0,Master,Cloud Engineer,Pune,TensorFlow|AWS|Python,Startup,Male,415632.0
48.0,3.0,,Data Scientist,Noida,,Startup,Female,862992.0
39.0,7.0,,Software Engineer,Chennai,,MNC,Female,1574883.0
44.0,5.0,Bachelor,Game Developer,Chennai,Docker|React|CSS,Startup,Female,1083271.0
45.0,1.0,Bachelor,Frontend Developer,Hyderabad,HTML|Docker|AWS,Startup,Female,351522.0
24.0,0.0,Bachelor,Data Scientist,Pune,CSS|NodeJS|Python,MNC,Female,548978.0
40.0,4.0,Master,Web Developer,Hyderabad,,Startup,,1037704.0
23.0,0.0,Bachelor,Full Stack Developer,Pune,NodeJS|AWS,MNC,Female,573682.0
26.0,1.0,PhD,ML Engineer,Hyderabad,TensorFlow|ML|Java,Startup,Male,
29.0,3.0,Master,DevOps Engineer,Bangalore,AWS|NodeJS,MNC,Male,1209145.0
39.0,,PhD,Security Engineer,Chennai,Docker|Python|SQL,Startup,Female,914500.0
41.0,1.0,Master,Data Analyst,Hyderabad,HTML|AWS,MNC,Male,1016760.0
29.0,4.0,PhD,Backend Developer,Noida,ML|Python|Java,Startup,Male,1237968.0
28.0,7.0,Bachelor,Cloud Engineer,Noida,CSS|AWS|ML|Docker,Startup,,1280764.0
35.0,3.0,Bachelor,Mobile Developer,Noida,AWS|NodeJS,MNC,Male,941249.0
45.0,11.0,Bachelor,System Admin,Pune,ML|React,Startup,,1846182.0
23.0,1.0,PhD,Data Analyst,Bangalore,TensorFlow|HTML|Java,Startup,Male,836949.0
40.0,14.0,Master,Data Scientist,Pune,Python|Java,Startup,Male,
,4.0,PhD,,Noida,Python|ML|HTML,Startup,Male,1373225.0
38.0,12.0,PhD,Mobile Developer,Chennai,ML|AWS|HTML|Java,Startup,Female,2456616.0
36.0,11.0,Bachelor,Data Analyst,Delhi,Java|AWS,MNC,Male,2136864.0
21.0,0.0,Bachelor,Research Scientist,Noida,ML|Python|HTML|SQL,MNC,Male,640204.0
,0.0,Master,Support Engineer,Chennai,Python|NodeJS|AWS|Docker,MNC,Male,688989.0
40.0,10.0,PhD,Cloud Engineer,Delhi,Python|HTML|React|AWS,MNC,,2595984.0
42.0,6.0,Bachelor,Full Stack Developer,Bangalore,Java|CSS|SQL,MNC,Female,1562440.0
26.0,1.0,PhD,Research Scientist,Bangalore,HTML|Docker,MNC,Female,1198538.0
,5.0,Master,System Admin,Chennai,Java|AWS,Startup,Female,
27.0,1.0,PhD,AI Engineer,Delhi,HTML|Java,MNC,Male,1041377.0
121.99403604726909,51.06649665370172,PHD,DEVOPS ENGINEER,PUNE,CSS|TENSORFLOW|HTML|PYTHON,MNC,MALE,8738393.717964096
30.0,1.0,Master,UI/UX Designer,Chennai,Python|React|AWS|Java,MNC,Female,860762.0
49.0,,PhD,QA Engineer,Bangalore,NodeJS|TensorFlow|AWS,Startup,Male,817824.0
39.0,7.0,Master,Data Scientist,Pune,Docker|SQL,MNC,Female,1875775.0
50.0,14.0,Bachelor,Backend Developer,,NodeJS|SQL|HTML,Startup,Male,2371030.0
24.0,3.0,PhD,QA Engineer,Bangalore,Java|NodeJS|Docker,Startup,Male,1151072.0
29.0,6.0,Master,Data Scientist,Chennai,HTML|TensorFlow|React|ML,Startup,Female,1384684.0
32.0,9.0,Master,Backend Developer,Bangalore,TensorFlow|Docker|NodeJS,MNC,Male,2159968.0
32.0,11.0,Master,Full Stack Developer,Pune,AWS|ML|Docker|SQL,MNC,Male,2383151.0
48.0,0.0,PhD,Support Engineer,Hyderabad,React|ML,Startup,Male,751028.0
27.0,1.0,Master,Web Developer,Hyderabad,CSS|Java|React,Startup,Male,
40.0,10.0,Bachelor,Cloud Engineer,Hyderabad,Docker|CSS,Startup,Female,1839737.0
25.0,1.0,PhD,System Admin,Noida,Python|SQL|HTML,Startup,Female,807049.0
44.0,14.0,PhD,Research Scientist,Chennai,HTML|NodeJS|Java,,Male,2683849.0
,2.0,Master,Support Engineer,Bangalore,Python|SQL,Startup,Male,815362.0
22.0,1.0,,Software Engineer,Noida,NodeJS|AWS|SQL,MNC,Female,1134554.0
35.0,6.0,Bachelor,Research Scientist,,TensorFlow|ML|NodeJS,Startup,Female,1129116.0
,,Master,AI Engineer,Delhi,Java|TensorFlow,MNC,Female,750933.0
48.0,1.0,,Security Engineer,Chennai,React|SQL,,Male,662329.0
35.0,,PhD,DevOps Engineer,Delhi,Java|AWS|CSS|Python,MNC,Male,2161488.0
22.0,0.0,Bachelor,Backend Developer,Chennai,HTML|Docker,Startup,,279394.0
47.0,5.0,PhD,System Admin,Bangalore,AWS|HTML,Startup,Female,1440372.0
21.0,0.0,Bachelor,Software Engineer,Chennai,Python|CSS,MNC,Female,508421.0
42.0,2.0,Bachelor,Data Scientist,Delhi,Docker|TensorFlow,Startup,Male,613669.0
39.0,2.0,Bachelor,Game Developer,Delhi,HTML|Python|Docker|AWS,Startup,Male,564993.0
27.0,4.0,PhD,Mobile Developer,Hyderabad,Docker|AWS,Startup,Female,1266433.0
41.0,15.0,Bachelor,,Pune,Docker|AWS,Startup,Female,2587252.0
39.0,6.0,,System Admin,Noida,Python|React,MNC,Male,1769133.0
50.0,3.0,PhD,,Noida,SQL|CSS|TensorFlow|Java,MNC,Male,1415069.0
37.0,12.0,Bachelor,Data Scientist,Bangalore,AWS|React,MNC,,2348370.0
24.0,3.0,PhD,DevOps Engineer,Delhi,CSS|SQL,Startup,,1228166.0
50.0,4.0,Master,Data Engineer,Pune,Python|AWS|CSS,Startup,Male,1008783.0
32.0,11.0,Master,Data Scientist,Bangalore,TensorFlow|HTML|Python|Docker,MNC,Female,2401477.0
22.0,0.0,Bachelor,UI/UX Designer,Hyderabad,ML|Docker,Startup,Female,216272.0
34.0,9.0,MASTER,CLOUD ENGINEER,DELHI,JAVA|ML,MNC,FEMALE,2187759.0
32.0,9.0,PhD,Game Developer,Pune,CSS|React,MNC,Female,2343088.0
46.0,2.0,PhD,UI/UX Designer,Pune,CSS|ML,MNC,Male,1211430.0
41.0,,Bachelor,AI Engineer,Noida,Python|CSS|AWS|React,,Male,
42.0,13.0,Bachelor,UI/UX Designer,Chennai,Python|NodeJS,Startup,Female,2243451.0
24.0,2.0,PhD,System Admin,Chennai,TensorFlow|Java|React|Docker,MNC,Female,1374874.0
39.0,13.0,PhD,Full Stack Developer,,AWS|HTML|Java|Docker,MNC,Male,2904103.0
,1.0,PhD,,Bangalore,SQL|ML,,Female,1244044.0
21.0,0.0,PhD,Data Engineer,Bangalore,AWS|CSS|ML,Startup,Male,703153.0
44.0,10.0,Master,DevOps Engineer,Delhi,Docker|CSS,Startup,Female,1888673.0
26.0,1.0,Bachelor,Cloud Engineer,Hyderabad,SQL|ML|HTML|Docker,MNC,Male,868937.0
47.0,5.0,Master,Data Scientist,Bangalore,AWS|Docker|SQL,MNC,Male,1606086.0
49.0,14.0,Bachelor,Cloud Engineer,Pune,TensorFlow|NodeJS|SQL|Docker,MNC,Female,2721087.0
25.0,0.0,Master,Web Developer,Bangalore,NodeJS|ML|AWS,Startup,Female,546665.0
36.0,8.0,Master,Data Scientist,Bangalore,AWS|SQL|HTML|ML,MNC,Female,2109028.0
45.0,3.0,Bachelor,Full Stack Developer,Bangalore,React|ML,Startup,Female,714278.0
50.0,10.0,Bachelor,Data Scientist,Hyderabad,SQL|Docker|ML,MNC,Male,2059809.0
44.0,11.0,PhD,Frontend Developer,Pune,CSS|Python|SQL|NodeJS,Startup,Male,2445187.0
,3.0,Bachelor,DevOps Engineer,Delhi,ML|HTML,Startup,Female,689752.0
21.0,0.0,Bachelor,QA Engineer,Bangalore,HTML|ML,MNC,Female,696394.0
22.0,1.0,Master,Data Engineer,Delhi,CSS|TensorFlow|HTML|ML,MNC,Female,1032293.0
45.0,9.0,,Data Analyst,Noida,CSS|Python|ML,MNC,Male,2380379.0
46.0,7.0,Bachelor,Full Stack Developer,Bangalore,AWS|Java,Startup,Male,1308031.0
32.0,6.0,Bachelor,AI Engineer,Noida,AWS|React|TensorFlow,MNC,Male,1590315.0
32.0,1.0,Master,Web Developer,Delhi,,Startup,Male,586136.0
22.0,1.0,Master,QA Engineer,Chennai,Docker|TensorFlow|HTML|CSS,,Female,955947.0
25.0,3.0,Bachelor,Data Scientist,Hyderabad,React|AWS,MNC,Female,947189.0
,15.0,Bachelor,,Pune,Python|SQL|TensorFlow,Startup,Male,2505529.0
22.0,0.0,PhD,UI/UX Designer,Chennai,Python|CSS|Docker,Startup,Female,683359.0
43.0,8.0,Bachelor,Web Developer,Bangalore,,MNC,Female,1785554.0
28.0,1.0,PhD,Mobile Developer,Noida,ML|SQL,Startup,Male,732082.0
47.0,1.0,Master,DevOps Engineer,Bangalore,NodeJS|CSS|SQL|ML,,Female,912080.0
22.0,1.0,PhD,,Noida,React|CSS|Java,MNC,Male,1262011.0
38.0,0.0,PhD,QA Engineer,Bangalore,Python|TensorFlow|HTML,Startup,Male,711201.0
27.0,2.0,PhD,Data Engineer,Chennai,CSS|TensorFlow|ML,MNC,Female,
49.0,15.0,PhD,Security Engineer,Delhi,AWS|ML|CSS|React,,Male,2842920.0
29.0,8.0,PhD,Mobile Developer,Chennai,,MNC,Male,2243448.0
45.0,4.0,PhD,ML Engineer,Pune,NodeJS|AWS|React,MNC,Female,1639800.0
31.0,5.0,Master,System Admin,Delhi,HTML|ML|TensorFlow,MNC,Female,1533515.0
,15.0,Master,Web Developer,Noida,Docker|CSS,Startup,Female,2707492.0
24.0,3.0,Master,Mobile Developer,Delhi,React|Java,Startup,Male,901188.0
34.0,5.0,Master,,Chennai,TensorFlow|CSS|HTML|NodeJS,MNC,,1516310.0
47.0,4.0,Bachelor,DevOps Engineer,Pune,NodeJS|Java|CSS,MNC,Male,1259050.0
37.0,10.0,Master,Full Stack Developer,Noida,HTML|ML,MNC,Male,2292734.0
26.0,3.0,Bachelor,,Chennai,TensorFlow|SQL|React|HTML,Startup,Female,789975.0
48.0,12.0,PhD,Security Engineer,Hyderabad,AWS|Python|HTML,MNC,Female,
37.0,15.0,Bachelor,,Noida,NodeJS|Python|ML|TensorFlow,MNC,Male,2895371.0
26.0,0.0,PhD,Game Developer,Bangalore,HTML|Java|React,MNC,,932055.0
36.0,12.0,PhD,Cloud Engineer,Bangalore,TensorFlow|AWS,Startup,Female,2427093.0
38.0,4.0,Master,,Hyderabad,Python|SQL|Java|ML,MNC,,1480474.0
35.0,9.0,Bachelor,Web Developer,Bangalore,Java|NodeJS|ML|Python,Startup,Male,1620264.0
26.0,,Bachelor,Data Scientist,Delhi,TensorFlow|CSS,Startup,Female,1071963.0
32.0,,Bachelor,DevOps Engineer,Pune,AWS|HTML,MNC,Female,1852132.0
31.0,0.0,PhD,Mobile Developer,Delhi,Java|React|SQL,MNC,Male,882446.0
22.0,0.0,Master,UI/UX Designer,Chennai,HTML|React|Java,Startup,Female,462382.0
27.0,4.0,Master,Mobile Developer,Delhi,HTML|AWS,MNC,Female,1488893.0
,15.0,Master,Frontend Developer,Noida,NodeJS|TensorFlow|Java|React,MNC,Female,3145882.0
35.0,7.0,,AI Engineer,Noida,Docker|SQL|React|AWS,Startup,Male,1665819.0
46.0,7.0,PhD,Support Engineer,Hyderabad,,Startup,Male,1714842.0
31.0,2.0,,UI/UX Designer,Hyderabad,AWS|Python,MNC,Female,1278236.0
41.0,8.0,Master,Game Developer,,NodeJS|SQL|Python,MNC,Female,2090251.0
29.0,3.0,PhD,AI Engineer,,ML|React,,Female,1191539.0
26.0,1.0,Master,Web Developer,Delhi,NodeJS|AWS|React|TensorFlow,Startup,Male,695113.0
29.0,6.0,Bachelor,Data Analyst,Bangalore,,Startup,Female,1139222.0
22.0,0.0,MASTER,DATA ENGINEER,PUNE,AWS|SQL|DOCKER,STARTUP,MALE,477159.0
47.0,2.0,PhD,Data Engineer,Noida,,Startup,Male,1015201.0
37.0,1.0,PhD,Mobile Developer,Pune,HTML|Docker,Startup,Male,
44.0,12.0,Master,Frontend Developer,Bangalore,,Startup,Female,2310768.0
47.0,9.0,MASTER,CLOUD ENGINEER,DELHI,DOCKER|ML|SQL,MNC,MALE,2204225.0
28.0,5.0,Bachelor,Web Developer,Noida,CSS|SQL,Startup,Female,1009077.0
50.0,12.0,PhD,System Admin,Chennai,TensorFlow|HTML|Python|ML,Startup,Female,2513155.0
49.0,1.0,PhD,System Admin,Delhi,Docker|Python|CSS,,Female,861974.0
49.0,5.0,Bachelor,DevOps Engineer,Delhi,,Startup,Female,1000809.0
27.0,3.0,Bachelor,UI/UX Designer,Bangalore,CSS|NodeJS,Startup,Female,808790.0
33.0,4.0,Bachelor,Full Stack Developer,Chennai,HTML|Java|ML|CSS,Startup,Male,902907.0
24.0,1.0,Bachelor,Support Engineer,Noida,AWS|Docker,MNC,Female,690237.0
32.0,8.0,Master,Game Developer,Noida,Docker|Python,Startup,Male,1607036.0
24.0,3.0,Master,Cloud Engineer,Noida,TensorFlow|HTML|CSS,MNC,Male,1351472.0
24.0,3.0,Bachelor,System Admin,Chennai,Python|TensorFlow|React|Java,Startup,Female,805918.0
34.0,6.0,Bachelor,QA Engineer,Hyderabad,HTML|TensorFlow|React,Startup,Female,1276023.0
44.0,3.0,Master,Mobile Developer,Pune,CSS|React|HTML|NodeJS,MNC,Male,1349891.0
47.0,12.0,Bachelor,Data Analyst,Noida,AWS|Java|HTML,Startup,Female,2060833.0
21.0,0.0,Master,Mobile Developer,Pune,HTML|Java,Startup,Male,468009.0
32.0,1.0,Bachelor,Full Stack Developer,Bangalore,Docker|NodeJS|AWS,,Female,373006.0
23.0,2.0,PhD,System Admin,Chennai,Docker|React,MNC,Female,1307199.0
49.0,2.0,MASTER,SUPPORT ENGINEER,CHENNAI,DOCKER|REACT|SQL,MNC,NAN,1051033.0
45.0,14.0,Master,Data Scientist,,SQL|CSS,MNC,Male,2962484.0
45.0,11.0,PhD,ML Engineer,Chennai,Python|NodeJS|Java|Docker,MNC,Female,2738391.0
29.0,3.0,Bachelor,,Pune,React|HTML|CSS,MNC,Female,1073838.0
25.0,,Master,UI/UX Designer,Hyderabad,Java|ML,Startup,Female,1064772.0
44.0,5.0,Bachelor,Game Developer,Chennai,Docker|React|CSS,Startup,Female,1083271.0
21.0,0.0,Master,Frontend Developer,Bangalore,Docker|AWS|SQL,MNC,Male,822573.0
23.0,1.0,Bachelor,Full Stack Developer,Bangalore,AWS|NodeJS,MNC,Female,751887.0
45.0,7.0,Bachelor,DevOps Engineer,Bangalore,SQL|HTML,MNC,Male,1678669.0
38.0,11.0,PhD,Cloud Engineer,Chennai,Python|TensorFlow|Java,Startup,Female,2451014.0
27.0,4.0,Master,Mobile Developer,Delhi,HTML|AWS,MNC,Female,1488893.0
22.0,1.0,Master,Data Engineer,Delhi,CSS|TensorFlow|HTML|ML,MNC,Female,1032293.0
22.0,1.0,,Software Engineer,Noida,NodeJS|AWS|SQL,MNC,Female,1134554.0
36.0,6.0,Bachelor,QA Engineer,Pune,AWS|Python|NodeJS,Startup,Female,1284657.0
27.0,1.0,PhD,AI Engineer,Delhi,HTML|Java,MNC,Male,1041377.0
45.0,10.0,,Frontend Developer,Delhi,TensorFlow|AWS,Startup,Male,2238019.0
31.0,5.0,PhD,Data Analyst,Delhi,TensorFlow|SQL|AWS,,Male,1366848.0
50.0,6.0,Bachelor,Cloud Engineer,Noida,NodeJS|SQL|React|HTML,MNC,Female,1511391.0
38.0,1.0,PhD,QA Engineer,Noida,HTML|SQL|Python|NodeJS,MNC,Male,1211997.0
,8.0,Master,UI/UX Designer,Chennai,Java|Python|Docker|ML,MNC,Male,2022096.0
41.0,14.0,PhD,AI Engineer,Delhi,HTML|NodeJS|Java,MNC,Male,3167972.0
121.99403604726909,51.06649665370172,BACHELOR,FRONTEND DEVELOPER,HYDERABAD,PYTHON|AWS|HTML,STARTUP,FEMALE,8738393.717964096
44.0,14.0,Bachelor,Research Scientist,Noida,,MNC,Female,2804578.0
21.0,0.0,Master,Research Scientist,Delhi,SQL|Docker|ML|HTML,MNC,Male,813877.0
47.0,9.0,Master,Cloud Engineer,Delhi,Docker|ML|SQL,MNC,Male,2204225.0
48.0,1.0,,Security Engineer,Chennai,React|SQL,,Male,662329.0
43.0,8.0,Bachelor,Web Developer,Bangalore,,MNC,Female,1785554.0
39.0,12.0,Bachelor,Cloud Engineer,Bangalore,,MNC,Male,2464436.0
21.0,0.0,Master,Backend Developer,Pune,Docker|React|ML|Python,Startup,Female,564441.0
27.0,2.0,PhD,Software Engineer,Delhi,NodeJS|CSS|ML|Docker,MNC,Female,1380451.0
31.0,1.0,Master,Software Engineer,Noida,Docker|SQL|CSS,Startup,Female,756706.0
39.0,8.0,Master,Game Developer,Chennai,ML|TensorFlow,MNC,Female,2031059.0
47.0,4.0,PhD,AI Engineer,Bangalore,NodeJS|SQL|ML,MNC,Male,1582208.0
22.0,0.0,Master,ML Engineer,,ML|HTML|CSS|NodeJS,MNC,Female,795303.0
21.0,0.0,PhD,UI/UX Designer,Pune,ML|SQL|Docker|AWS,Startup,Male,747518.0
,,Master,AI Engineer,Delhi,Java|TensorFlow,MNC,Female,750933.0
38.0,0.0,Bachelor,Cloud Engineer,Noida,React|TensorFlow,Startup,Male,224051.0
25.0,4.0,Bachelor,Frontend Developer,Bangalore,CSS|AWS|React|Python,MNC,Female,1298290.0
28.0,3.0,PhD,System Admin,,Docker|AWS|Java|TensorFlow,Startup,Male,1154563.0
,2.0,Master,Software Engineer,Pune,Docker|Java|HTML|Python,MNC,Female,
,15.0,Master,Frontend Developer,Noida,NodeJS|TensorFlow|Java|React,MNC,Female,3145882.0
31.0,2.0,Master,DevOps Engineer,Delhi,,Startup,Female,910488.0
39.0,15.0,Bachelor,Data Engineer,Bangalore,React|Java|Python,Startup,Female,2443859.0
39.0,13.0,PhD,Full Stack Developer,,AWS|HTML|Java|Docker,MNC,Male,2904103.0
27.0,4.0,PhD,Web Developer,Pune,AWS|CSS|Docker|ML,Startup,Male,1187376.0
33.0,9.0,BACHELOR,GAME DEVELOPER,BANGALORE,PYTHON|NODEJS|HTML,MNC,MALE,1928072.0
35.0,11.0,,UI/UX Designer,Chennai,SQL|Python|AWS,Startup,Female,2194472.0
